UNIPROT,ENTREZID,SYMBOL,protein_group,accession,length,mol_wt,description,NSAF_score,EMPAI_score,UV_treatment
A0A087WUL8,NA,NA,sp|A0A087WUL8|NBPFJ_HUMAN;sp|Q86T75|NBPFB_HUMAN;sp|Q6P3W6|NBPFA_HUMAN;sp|Q5TAG4|NBPFC_HUMAN;sp|Q3BBV2|NBPF8_HUMAN;sp|Q3BBV0|NBPF1_HUMAN;sp|P0DPF3|NBPF9_HUMAN,A0A087WUL8;Q86T75;Q6P3W6;Q5TAG4;Q3BBV2;Q3BBV0;P0DPF3,3843,440412,Neuroblastoma breakpoint family member 19 OS=Homo sapiens OX=9606 GN=NBPF19 PE=5 SV=1,0.0023,0.0069,['mock']
A0A5B6,NA,NA,sp|A0A5B6|TVB28_HUMAN,A0A5B6,114,13166,T cell receptor beta variable 28 OS=Homo sapiens OX=9606 GN=TRBV28 PE=1 SV=1,0.0004,0.4689,['24h']
A2RRP1,51594.0,NBAS,sp|A2RRP1|NBAS_HUMAN,A2RRP1,2371,268569,NBAS subunit of NRZ tethering complex OS=Homo sapiens OX=9606 GN=NBAS PE=1 SV=2,0.0024,0.0186,"['mock', '24h']"
A4UGR9,129446.0,XIRP2,sp|A4UGR9|XIRP2_HUMAN,A4UGR9,3374,382302,Xin actin-binding repeat-containing protein 2 OS=Homo sapiens OX=9606 GN=XIRP2 PE=1 SV=2,0.0009,0.0093,['mock']
A5PKW4,5662.0,PSD,sp|A5PKW4|PSD1_HUMAN,A5PKW4,1024,109543,PH and SEC7 domain-containing protein 1 OS=Homo sapiens OX=9606 GN=PSD PE=1 SV=2,0.0009,0.0233,['24h']
A6NCQ9,643904.0,RNF222,sp|A6NCQ9|RN222_HUMAN,A6NCQ9,220,23767,RING finger protein 222 OS=Homo sapiens OX=9606 GN=RNF222 PE=4 SV=1,0.0005,0.0765,['01h']
A6NIE6,NA,NA,sp|A6NIE6|RN3P2_HUMAN,A6NIE6,340,38035,Putative RRN3-like protein RRN3P2 OS=Homo sapiens OX=9606 GN=RRN3P2 PE=5 SV=3,0.0013,0.0765,['mock']
A6NJZ7,150221.0,RIMBP3C,sp|A6NJZ7|RIM3C_HUMAN;sp|Q9UFD9|RIM3A_HUMAN;sp|A6NNM3|RIM3B_HUMAN,A6NJZ7;Q9UFD9;A6NNM3,1639,180948,RIMS-binding protein 3C OS=Homo sapiens OX=9606 GN=RIMBP3C PE=1 SV=3,0.0006,0.0093,['24h']
A6NMT0,120237.0,DBX1,sp|A6NMT0|DBX1_HUMAN,A6NMT0,343,37283,Homeobox protein DBX1 OS=Homo sapiens OX=9606 GN=DBX1 PE=3 SV=2,0.0003,0.2218,['48h']
A6NNZ2,NA,NA,sp|A6NNZ2|TBB8B_HUMAN;sp|Q3ZCM7|TBB8_HUMAN,A6NNZ2;Q3ZCM7,444,49573,Tubulin beta 8B OS=Homo sapiens OX=9606 GN=TUBB8B PE=1 SV=1,0.0036,0.2972,['01h']
A6NNZ2,NA,NA,sp|A6NNZ2|TBB8B_HUMAN,A6NNZ2,444,49573,Tubulin beta 8B OS=Homo sapiens OX=9606 GN=TUBB8B PE=1 SV=1,0.003,0.3152,"['01h', '24h']"
A8K0Z3,100287171.0,WASHC1,sp|A8K0Z3|WASH1_HUMAN;sp|Q9NQA3|WASH6_HUMAN;sp|Q6VEQ5|WASH2_HUMAN;sp|C4AMC7|WASH3_HUMAN,A8K0Z3;Q9NQA3;Q6VEQ5;C4AMC7,465,50328,WASH complex subunit 1 OS=Homo sapiens OX=9606 GN=WASHC1 PE=1 SV=2,0.0005,0.2246,['01h']
A8K0Z3,100287171.0,WASHC1,sp|A8K0Z3|WASH1_HUMAN;sp|Q9NQA3|WASH6_HUMAN;sp|Q6VEQ5|WASH2_HUMAN;sp|C4AMC7|WASH3_HUMAN;sp|A8MWX3|WASH4_HUMAN,A8K0Z3;Q9NQA3;Q6VEQ5;C4AMC7;A8MWX3,465,50328,WASH complex subunit 1 OS=Homo sapiens OX=9606 GN=WASHC1 PE=1 SV=2,0.0002,0.1194,"['01h', '24h']"
A8K0Z3,100287171.0,WASHC1,sp|A8K0Z3|WASH1_HUMAN;sp|Q6VEQ5|WASH2_HUMAN;sp|C4AMC7|WASH3_HUMAN;sp|A8MWX3|WASH4_HUMAN,A8K0Z3;Q6VEQ5;C4AMC7;A8MWX3,465,50328,WASH complex subunit 1 OS=Homo sapiens OX=9606 GN=WASHC1 PE=1 SV=2,0.0001,0.0889,['01h']
A8MTJ6,344167.0,FOXI3,Reverse_sp|A8MTJ6|FOXI3_HUMAN,A8MTJ6,420,43326,Forkhead box protein I3 OS=Homo sapiens OX=9606 GN=FOXI3 PE=2 SV=3,0.0001,0.1912,['24h']
A8MUU1,NA,NA,sp|A8MUU1|FB5L3_HUMAN,A8MUU1,101,11299,Putative fatty acid-binding protein 5-like protein 3 OS=Homo sapiens OX=9606 GN=FABP5P3 PE=5 SV=1,0.0024,0.9815,['mock']
A8MWX3,NA,NA,sp|A8MWX3|WASH4_HUMAN,A8MWX3,477,51595,Putative WAS protein family homolog 4 OS=Homo sapiens OX=9606 GN=WASH4P PE=5 SV=1,0.0004,0.2972,['mock']
A8MXQ7,NA,NA,sp|A8MXQ7|IQAK1_HUMAN,A8MXQ7,560,63562,IQ motif and ankyrin repeat domain-containing protein 1 OS=Homo sapiens OX=9606 GN=IQANK1 PE=4 SV=3,0.0004,0.0864,['24h']
A8MZA4,727832.0,GOLGA6L6,sp|A8MZA4|GG6L6_HUMAN;sp|Q8N7Z2|GG6L1_HUMAN;sp|P0DX02|GG6LZ_HUMAN;sp|P0DX01|GG6LY_HUMAN;sp|P0DX00|GG6LX_HUMAN;sp|H0YM25|GG6LV_HUMAN,A8MZA4;Q8N7Z2;P0DX02;P0DX01;P0DX00;H0YM25,724,90953,Golgin subfamily A member 6-like protein 6 OS=Homo sapiens OX=9606 GN=GOLGA6L6 PE=3 SV=4,0.0115,0.0447,"['48h', '01h']"
B2RPK0,NA,NA,sp|B2RPK0|HGB1A_HUMAN,B2RPK0,211,24238,Putative high mobility group protein B1-like 1 OS=Homo sapiens OX=9606 GN=HMGB1P1 PE=5 SV=1,0.0006,0.4028,"['24h', '48h']"
B2RXH8,440563.0,HNRNPCL2,sp|B2RXH8|HNRC2_HUMAN;sp|O60812|HNRC1_HUMAN,B2RXH8;O60812,293,32072,Heterogeneous nuclear ribonucleoprotein C-like 2 OS=Homo sapiens OX=9606 GN=HNRNPCL2 PE=1 SV=1,0.0003,0.256,['48h']
B7ZW38,101060301.0,HNRNPCL4,sp|B7ZW38|HNRC3_HUMAN;sp|P0DMR1|HNRC4_HUMAN,B7ZW38;P0DMR1,293,32029,Heterogeneous nuclear ribonucleoprotein C-like 3 OS=Homo sapiens OX=9606 GN=HNRNPCL3 PE=2 SV=1,0.0005,0.1614,['mock']
O00116,8540.0,AGPS,sp|O00116|ADAS_HUMAN,O00116,658,72912,"Alkyldihydroxyacetonephosphate synthase, peroxisomal OS=Homo sapiens OX=9606 GN=AGPS PE=1 SV=1",0.0001,0.0839,['01h']
O00186,6814.0,STXBP3,sp|O00186|STXB3_HUMAN,O00186,592,67764,Syntaxin-binding protein 3 OS=Homo sapiens OX=9606 GN=STXBP3 PE=1 SV=2,0.0001,0.0593,['01h']
O00330,8050.0,PDHX,sp|O00330|ODPX_HUMAN,O00330,501,54122,"Pyruvate dehydrogenase protein X component, mitochondrial OS=Homo sapiens OX=9606 GN=PDHX PE=1 SV=3",0.0007,0.0765,['mock']
O14522,11122.0,PTPRT,sp|O14522|PTPRT_HUMAN,O14522,1441,162133,Receptor-type tyrosine-protein phosphatase T OS=Homo sapiens OX=9606 GN=PTPRT PE=1 SV=6,0.0001,0.0568,['01h']
O14647,1106.0,CHD2,sp|O14647|CHD2_HUMAN,O14647,1828,211342,Chromodomain-helicase-DNA-binding protein 2 OS=Homo sapiens OX=9606 GN=CHD2 PE=1 SV=2,0.0,0.0495,['01h']
O14772,8790.0,FPGT,sp|O14772|FPGT_HUMAN,O14772,607,68010,Fucose-1-phosphate guanylyltransferase OS=Homo sapiens OX=9606 GN=FPGT PE=1 SV=3,0.0087,0.0495,['48h']
O14787,30000.0,TNPO2,sp|O14787|TNPO2_HUMAN,O14787,897,101388,Transportin-2 OS=Homo sapiens OX=9606 GN=TNPO2 PE=1 SV=3,0.0001,0.0617,['01h']
O14893,8487.0,GEMIN2,sp|O14893|GEMI2_HUMAN,O14893,280,31585,Gem-associated protein 2 OS=Homo sapiens OX=9606 GN=GEMIN2 PE=1 SV=1,0.0002,0.1695,['01h']
O15061,23336.0,SYNM,sp|O15061|SYNEM_HUMAN,O15061,1565,172867,Synemin OS=Homo sapiens OX=9606 GN=SYNM PE=1 SV=3,0.0094,0.0139,['48h']
O15143,10095.0,ARPC1B,sp|O15143|ARC1B_HUMAN,O15143,372,40950,Actin-related protein 2/3 complex subunit 1B OS=Homo sapiens OX=9606 GN=ARPC1B PE=1 SV=3,0.0001,0.0839,"['24h', '48h']"
O15162,5359.0,PLSCR1,sp|O15162|PLS1_HUMAN,O15162,318,35049,Phospholipid scramblase 1 OS=Homo sapiens OX=9606 GN=PLSCR1 PE=1 SV=1,0.0003,0.1561,['mock']
O15213,9277.0,WDR46,sp|O15213|WDR46_HUMAN,O15213,610,68071,WD repeat-containing protein 46 OS=Homo sapiens OX=9606 GN=WDR46 PE=1 SV=3,0.0001,0.1455,['01h']
O15269,10558.0,SPTLC1,Reverse_sp|O15269|SPTC1_HUMAN,O15269,473,52744,Serine palmitoyltransferase 1 OS=Homo sapiens OX=9606 GN=SPTLC1 PE=1 SV=1,0.0007,0.0914,['01h']
O15296,247.0,ALOX15B,sp|O15296|LX15B_HUMAN,O15296,676,75857,Polyunsaturated fatty acid lipoxygenase ALOX15B OS=Homo sapiens OX=9606 GN=ALOX15B PE=1 SV=3,0.0,0.052,['24h']
O15344,4281.0,MID1,sp|O15344|TRI18_HUMAN,O15344,667,75251,E3 ubiquitin-protein ligase Midline-1 OS=Homo sapiens OX=9606 GN=MID1 PE=1 SV=1,0.0001,0.0568,['01h']
O15357,3636.0,INPPL1,sp|O15357|SHIP2_HUMAN,O15357,1258,138599,"Phosphatidylinositol 3,4,5-trisphosphate 5-phosphatase 2 OS=Homo sapiens OX=9606 GN=INPPL1 PE=1 SV=2",0.0001,0.0691,['01h']
O43264,9183.0,ZW10,sp|O43264|ZW10_HUMAN,O43264,779,88830,Centromere/kinetochore protein zw10 homolog OS=Homo sapiens OX=9606 GN=ZW10 PE=1 SV=3,0.0001,0.0423,['01h']
O43283,9175.0,MAP3K13,sp|O43283|M3K13_HUMAN,O43283,966,108296,Mitogen-activated protein kinase kinase kinase 13 OS=Homo sapiens OX=9606 GN=MAP3K13 PE=1 SV=1,0.0001,0.0257,"['mock', '01h']"
O43491,2037.0,EPB41L2,sp|O43491|E41L2_HUMAN,O43491,1005,112588,Band 4.1-like protein 2 OS=Homo sapiens OX=9606 GN=EPB41L2 PE=1 SV=1,0.0001,0.0765,"['01h', 'mock']"
O43663,9055.0,PRC1,sp|O43663|PRC1_HUMAN;sp|Q96I25|SPF45_HUMAN,O43663;Q96I25,620,71607,Protein regulator of cytokinesis 1 OS=Homo sapiens OX=9606 GN=PRC1 PE=1 SV=2,0.0001,0.0257,['01h']
O43707,81.0,ACTN4,sp|O43707|ACTN4_HUMAN;sp|P12814|ACTN1_HUMAN,O43707;P12814,911,104854,Alpha-actinin-4 OS=Homo sapiens OX=9606 GN=ACTN4 PE=1 SV=2,0.0002,0.0304,['mock']
O43790,3892.0,KRT86,sp|O43790|KRT86_HUMAN;sp|Q14533|KRT81_HUMAN,O43790;Q14533,486,53501,"Keratin, type II cuticular Hb6 OS=Homo sapiens OX=9606 GN=KRT86 PE=1 SV=1",0.0013,0.3614,"['01h', '48h']"
O43790,3892.0,KRT86,sp|O43790|KRT86_HUMAN;sp|P78386|KRT85_HUMAN;sp|P78385|KRT83_HUMAN,O43790;P78386;P78385,486,53501,"Keratin, type II cuticular Hb6 OS=Homo sapiens OX=9606 GN=KRT86 PE=1 SV=1",0.0007,0.0839,['24h']
O43795,4430.0,MYO1B,sp|O43795|MYO1B_HUMAN,O43795,1136,131985,Unconventional myosin-Ib OS=Homo sapiens OX=9606 GN=MYO1B PE=1 SV=3,0.0001,0.052,['01h']
O43854,10085.0,EDIL3,sp|O43854|EDIL3_HUMAN,O43854,480,53765,EGF-like repeat and discoidin I-like domain-containing protein 3 OS=Homo sapiens OX=9606 GN=EDIL3 PE=1 SV=1,0.0001,0.0351,['01h']
O43897,7092.0,TLL1,sp|O43897|TLL1_HUMAN;sp|Q9Y6L7|TLL2_HUMAN;sp|P13497|BMP1_HUMAN,O43897;Q9Y6L7;P13497,1013,114709,Tolloid-like protein 1 OS=Homo sapiens OX=9606 GN=TLL1 PE=1 SV=1,0.0009,0.0399,['mock']
O43933,5189.0,PEX1,sp|O43933|PEX1_HUMAN,O43933,1283,142867,Peroxisomal ATPase PEX1 OS=Homo sapiens OX=9606 GN=PEX1 PE=1 SV=1,0.0,0.028,['01h']
O60313,4976.0,OPA1,sp|O60313|OPA1_HUMAN,O60313,960,111630,"Dynamin-like 120 kDa protein, mitochondrial OS=Homo sapiens OX=9606 GN=OPA1 PE=1 SV=3",0.0001,0.0666,['01h']
O60669,9194.0,SLC16A7,sp|O60669|MOT2_HUMAN,O60669,478,52200,Monocarboxylate transporter 2 OS=Homo sapiens OX=9606 GN=SLC16A7 PE=1 SV=2,0.0001,0.0544,['01h']
O60814,85236.0,H2BC12,sp|O60814|H2B1K_HUMAN;sp|Q99880|H2B1L_HUMAN;sp|Q99879|H2B1M_HUMAN;sp|Q99877|H2B1N_HUMAN;sp|Q93079|H2B1H_HUMAN;sp|Q8N257|H2B3B_HUMAN;sp|Q5QNW6|H2B2F_HUMAN;sp|Q16778|H2B2E_HUMAN;sp|P62807|H2B1C_HUMAN;sp|P58876|H2B1D_HUMAN;sp|P57053|H2BFS_HUMAN;sp|P33778|H2B1B_HUMAN;sp|P23527|H2B1O_HUMAN;sp|P06899|H2B1J_HUMAN,O60814;Q99880;Q99879;Q99877;Q93079;Q8N257;Q5QNW6;Q16778;P62807;P58876;P57053;P33778;P23527;P06899,126,13890,Histone H2B type 1-K OS=Homo sapiens OX=9606 GN=H2BC12 PE=1 SV=3,0.0019,0.5488,['48h']
O60828,10084.0,PQBP1,sp|O60828|PQBP1_HUMAN,O60828,265,30472,Polyglutamine-binding protein 1 OS=Homo sapiens OX=9606 GN=PQBP1 PE=1 SV=1,0.0002,0.2531,"['01h', '24h']"
O75044,23380.0,SRGAP2,sp|O75044|SRGP2_HUMAN,O75044,1071,120870,SLIT-ROBO Rho GTPase-activating protein 2 OS=Homo sapiens OX=9606 GN=SRGAP2 PE=1 SV=3,0.0001,0.0691,['01h']
O75150,9810.0,RNF40,sp|O75150|BRE1B_HUMAN;sp|Q5VTR2|BRE1A_HUMAN,O75150;Q5VTR2,1001,113678,E3 ubiquitin-protein ligase BRE1B OS=Homo sapiens OX=9606 GN=RNF40 PE=1 SV=5,0.0001,0.0328,['01h']
O75381,5195.0,PEX14,sp|O75381|PEX14_HUMAN,O75381,377,41237,Peroxisomal membrane protein PEX14 OS=Homo sapiens OX=9606 GN=PEX14 PE=1 SV=1,0.0221,0.0765,['01h']
O75414,10201.0,NME6,sp|O75414|NDK6_HUMAN,O75414,186,21142,Nucleoside diphosphate kinase 6 OS=Homo sapiens OX=9606 GN=NME6 PE=1 SV=3,0.0004,0.1749,"['mock', '01h', '48h']"
O75494,10772.0,SRSF10,sp|O75494|SRS10_HUMAN,O75494,262,31301,Serine/arginine-rich splicing factor 10 OS=Homo sapiens OX=9606 GN=SRSF10 PE=1 SV=1,0.0002,0.1015,['01h']
O75592,23077.0,MYCBP2,sp|O75592|MYCB2_HUMAN,O75592,4678,513643,E3 ubiquitin-protein ligase MYCBP2 OS=Homo sapiens OX=9606 GN=MYCBP2 PE=1 SV=4,0.0,0.0328,['01h']
O75688,5495.0,PPM1B,sp|O75688|PPM1B_HUMAN,O75688,479,52643,Protein phosphatase 1B OS=Homo sapiens OX=9606 GN=PPM1B PE=1 SV=1,0.0005,0.1614,['24h']
O75828,874.0,CBR3,sp|O75828|CBR3_HUMAN,O75828,277,30850,Carbonyl reductase [NADPH] 3 OS=Homo sapiens OX=9606 GN=CBR3 PE=1 SV=3,0.0007,0.4791,['24h']
O75881,9420.0,CYP7B1,sp|O75881|CP7B1_HUMAN,O75881,506,58256,Cytochrome P450 7B1 OS=Homo sapiens OX=9606 GN=CYP7B1 PE=1 SV=2,0.0007,0.0666,['mock']
O94776,9219.0,MTA2,sp|O94776|MTA2_HUMAN,O94776,668,75023,Metastasis-associated protein MTA2 OS=Homo sapiens OX=9606 GN=MTA2 PE=1 SV=1,0.0001,0.0641,['01h']
O94850,23109.0,DDN,sp|O94850|DEND_HUMAN,O94850,711,75996,Dendrin OS=Homo sapiens OX=9606 GN=DDN PE=1 SV=3,0.0007,0.0839,['24h']
O94854,23499.0,MACF1,sp|O94854|K0754_HUMAN,O94854,3515,388667,"Microtubule-actin cross-linking factor 1, isoforms 6/7 OS=Homo sapiens OX=9606 GN=MACF1 PE=2 SV=5",0.0007,0.3646,['01h']
O94886,9725.0,TMEM63A,sp|O94886|CSCL1_HUMAN,O94886,807,92126,CSC1-like protein 1 OS=Homo sapiens OX=9606 GN=TMEM63A PE=1 SV=3,0.0001,0.0351,['01h']
O94892,9668.0,ZNF432,sp|O94892|ZN432_HUMAN,O94892,652,74836,Zinc finger protein 432 OS=Homo sapiens OX=9606 GN=ZNF432 PE=1 SV=1,0.0002,0.0765,['24h']
O95045,151531.0,UPP2,sp|O95045|UPP2_HUMAN,O95045,317,35527,Uridine phosphorylase 2 OS=Homo sapiens OX=9606 GN=UPP2 PE=1 SV=1,0.0002,0.0914,['mock']
O95155,10277.0,UBE4B,sp|O95155|UBE4B_HUMAN,O95155,1302,146184,Ubiquitin conjugation factor E4 B OS=Homo sapiens OX=9606 GN=UBE4B PE=1 SV=1,0.0001,0.0568,['01h']
O95208,22905.0,EPN2,sp|O95208|EPN2_HUMAN,O95208,641,68482,Epsin-2 OS=Homo sapiens OX=9606 GN=EPN2 PE=1 SV=3,0.0001,0.0447,['48h']
O95251,11143.0,KAT7,sp|O95251|KAT7_HUMAN,O95251,611,70642,Histone acetyltransferase KAT7 OS=Homo sapiens OX=9606 GN=KAT7 PE=1 SV=1,0.0015,0.1402,['24h']
O95363,10667.0,FARS2,sp|O95363|SYFM_HUMAN,O95363,451,52357,"Phenylalanine--tRNA ligase, mitochondrial OS=Homo sapiens OX=9606 GN=FARS2 PE=1 SV=1",0.0079,0.074,['mock']
O95613,5116.0,PCNT,sp|O95613|PCNT_HUMAN,O95613,3336,378039,Pericentrin OS=Homo sapiens OX=9606 GN=PCNT PE=1 SV=4,0.0001,0.0544,['01h']
O95757,22824.0,HSPA4L,sp|O95757|HS74L_HUMAN;sp|Q92598|HS105_HUMAN,O95757;Q92598,839,94512,Heat shock 70 kDa protein 4L OS=Homo sapiens OX=9606 GN=HSPA4L PE=1 SV=3,0.0001,0.0399,['mock']
O95831,9131.0,AIFM1,sp|O95831|AIFM1_HUMAN,O95831,613,66901,"Apoptosis-inducing factor 1, mitochondrial OS=Homo sapiens OX=9606 GN=AIFM1 PE=1 SV=1",0.0001,0.0544,['24h']
P01100,2353.0,FOS,sp|P01100|FOS_HUMAN,P01100,380,40695,Protein c-Fos OS=Homo sapiens OX=9606 GN=FOS PE=1 SV=1,0.0198,0.0765,['24h']
P01857,NA,NA,sp|P01857|IGHG1_HUMAN,P01857,399,43912,Immunoglobulin heavy constant gamma 1 OS=Homo sapiens OX=9606 GN=IGHG1 PE=1 SV=2,0.001,0.3032,['mock']
P01889,3106.0,HLA-B,sp|P01889|HLAB_HUMAN,P01889,362,40460,"HLA class I histocompatibility antigen, B alpha chain OS=Homo sapiens OX=9606 GN=HLA-B PE=1 SV=3",0.0002,0.135,['48h']
P02452,1277.0,COL1A1,sp|P02452|CO1A1_HUMAN,P02452,1464,138912,Collagen alpha-1(I) chain OS=Homo sapiens OX=9606 GN=COL1A1 PE=1 SV=6,0.0002,0.094,['01h']
P02585,7125.0,TNNC2,sp|P02585|TNNC2_HUMAN,P02585,160,18122,"Troponin C, skeletal muscle OS=Homo sapiens OX=9606 GN=TNNC2 PE=1 SV=2",0.0021,0.3335,"['01h', 'mock']"
P04150,2908.0,NR3C1,sp|P04150|GCR_HUMAN,P04150,777,85659,Glucocorticoid receptor OS=Homo sapiens OX=9606 GN=NR3C1 PE=1 SV=1,0.0001,0.0617,['01h']
P05413,2170.0,FABP3,sp|P05413|FABPH_HUMAN,P05413,133,14858,"Fatty acid-binding protein, heart OS=Homo sapiens OX=9606 GN=FABP3 PE=1 SV=4",0.0011,0.4388,['01h']
P05976,4632.0,MYL1,sp|P05976|MYL1_HUMAN,P05976,194,21145,"Myosin light chain 1/3, skeletal muscle isoform OS=Homo sapiens OX=9606 GN=MYL1 PE=1 SV=3",0.0037,0.6866,"['mock', '01h']"
P07197,4741.0,NEFM,sp|P07197|NFM_HUMAN;sp|Q16352|AINX_HUMAN,P07197;Q16352,916,102472,Neurofilament medium polypeptide OS=Homo sapiens OX=9606 GN=NEFM PE=1 SV=3,0.0001,0.0471,['48h']
P07947,7525.0,YES1,sp|P07947|YES_HUMAN,P07947,543,60801,Tyrosine-protein kinase Yes OS=Homo sapiens OX=9606 GN=YES1 PE=1 SV=3,0.0004,0.2162,['01h']
P07951,7169.0,TPM2,sp|P07951|TPM2_HUMAN;sp|P09493|TPM1_HUMAN,P07951;P09493,284,32851,Tropomyosin beta chain OS=Homo sapiens OX=9606 GN=TPM2 PE=1 SV=1,0.0024,0.205,['24h']
P08237,5213.0,PFKM,sp|P08237|PFKAM_HUMAN,P08237,780,85182,"ATP-dependent 6-phosphofructokinase, muscle type OS=Homo sapiens OX=9606 GN=PFKM PE=1 SV=2",0.0002,0.135,['01h']
P08590,4634.0,MYL3,sp|P08590|MYL3_HUMAN,P08590,195,21932,Myosin light chain 3 OS=Homo sapiens OX=9606 GN=MYL3 PE=1 SV=3,0.001,0.5311,['01h']
P09471,2775.0,GNAO1,sp|P09471|GNAO_HUMAN,P09471,354,40051,Guanine nucleotide-binding protein G(o) subunit alpha OS=Homo sapiens OX=9606 GN=GNAO1 PE=1 SV=4,0.0003,0.1695,"['48h', '01h']"
P09769,2268.0,FGR,sp|P09769|FGR_HUMAN,P09769,529,59479,Tyrosine-protein kinase Fgr OS=Homo sapiens OX=9606 GN=FGR PE=1 SV=2,0.0002,0.1246,['mock']
P0CJ79,NA,NA,sp|P0CJ79|ZN888_HUMAN,P0CJ79,718,83549,Zinc finger protein 888 OS=Homo sapiens OX=9606 GN=ZNF888 PE=3 SV=2,0.0042,0.0423,['mock']
P0CZ25,NA,NA,sp|P0CZ25|D10OS_HUMAN,P0CZ25,163,17537,Uncharacterized protein DNAH10OS OS=Homo sapiens OX=9606 GN=DNAH10OS PE=2 SV=1,0.0091,0.1508,['mock']
P0DME0,646817.0,SETSIP,sp|P0DME0|SETLP_HUMAN;sp|Q01105|SET_HUMAN,P0DME0;Q01105,302,34882,Protein SETSIP OS=Homo sapiens OX=9606 GN=SETSIP PE=1 SV=1,0.0006,0.0789,['mock']
P0DMV1,728911.0,CT45A2,sp|P0DMV1|CT458_HUMAN;sp|Q5DJT8|CT452_HUMAN;sp|P0DMV2|CT459_HUMAN,P0DMV1;Q5DJT8;P0DMV2,189,21363,Cancer/testis antigen family 45 member A8 OS=Homo sapiens OX=9606 GN=CT45A8 PE=3 SV=1,0.0021,0.8836,"['mock', 'mock', 'mock']"
P0DMV1,728911.0,CT45A9,sp|P0DMV1|CT458_HUMAN;sp|Q5DJT8|CT452_HUMAN;sp|P0DMV2|CT459_HUMAN,P0DMV1;Q5DJT8;P0DMV2,189,21363,Cancer/testis antigen family 45 member A8 OS=Homo sapiens OX=9606 GN=CT45A8 PE=3 SV=1,0.0021,0.8836,"['mock', 'mock', 'mock']"
P0DMV1,728911.0,CT45A8,sp|P0DMV1|CT458_HUMAN;sp|Q5DJT8|CT452_HUMAN;sp|P0DMV2|CT459_HUMAN,P0DMV1;Q5DJT8;P0DMV2,189,21363,Cancer/testis antigen family 45 member A8 OS=Homo sapiens OX=9606 GN=CT45A8 PE=3 SV=1,0.0021,0.8836,"['mock', 'mock', 'mock']"
P0DMV1,102723680.0,CT45A2,sp|P0DMV1|CT458_HUMAN;sp|Q5DJT8|CT452_HUMAN;sp|P0DMV2|CT459_HUMAN,P0DMV1;Q5DJT8;P0DMV2,189,21363,Cancer/testis antigen family 45 member A8 OS=Homo sapiens OX=9606 GN=CT45A8 PE=3 SV=1,0.0021,0.8836,"['mock', 'mock', 'mock']"
P0DMV1,102723680.0,CT45A9,sp|P0DMV1|CT458_HUMAN;sp|Q5DJT8|CT452_HUMAN;sp|P0DMV2|CT459_HUMAN,P0DMV1;Q5DJT8;P0DMV2,189,21363,Cancer/testis antigen family 45 member A8 OS=Homo sapiens OX=9606 GN=CT45A8 PE=3 SV=1,0.0021,0.8836,"['mock', 'mock', 'mock']"
P0DMV1,102723680.0,CT45A8,sp|P0DMV1|CT458_HUMAN;sp|Q5DJT8|CT452_HUMAN;sp|P0DMV2|CT459_HUMAN,P0DMV1;Q5DJT8;P0DMV2,189,21363,Cancer/testis antigen family 45 member A8 OS=Homo sapiens OX=9606 GN=CT45A8 PE=3 SV=1,0.0021,0.8836,"['mock', 'mock', 'mock']"
P0DMV1,102723737.0,CT45A2,sp|P0DMV1|CT458_HUMAN;sp|Q5DJT8|CT452_HUMAN;sp|P0DMV2|CT459_HUMAN,P0DMV1;Q5DJT8;P0DMV2,189,21363,Cancer/testis antigen family 45 member A8 OS=Homo sapiens OX=9606 GN=CT45A8 PE=3 SV=1,0.0021,0.8836,"['mock', 'mock', 'mock']"
P0DMV1,102723737.0,CT45A9,sp|P0DMV1|CT458_HUMAN;sp|Q5DJT8|CT452_HUMAN;sp|P0DMV2|CT459_HUMAN,P0DMV1;Q5DJT8;P0DMV2,189,21363,Cancer/testis antigen family 45 member A8 OS=Homo sapiens OX=9606 GN=CT45A8 PE=3 SV=1,0.0021,0.8836,"['mock', 'mock', 'mock']"
P0DMV1,102723737.0,CT45A8,sp|P0DMV1|CT458_HUMAN;sp|Q5DJT8|CT452_HUMAN;sp|P0DMV2|CT459_HUMAN,P0DMV1;Q5DJT8;P0DMV2,189,21363,Cancer/testis antigen family 45 member A8 OS=Homo sapiens OX=9606 GN=CT45A8 PE=3 SV=1,0.0021,0.8836,"['mock', 'mock', 'mock']"
P0DOX5,NA,NA,sp|P0DOX5|IGG1_HUMAN,P0DOX5,449,49329,Immunoglobulin gamma-1 heavy chain OS=Homo sapiens OX=9606 PE=1 SV=2,0.0017,1.1232,['01h']
P10276,5914.0,RARA,sp|P10276|RARA_HUMAN;sp|P13631|RARG_HUMAN,P10276;P13631,462,50771,Retinoic acid receptor alpha OS=Homo sapiens OX=9606 GN=RARA PE=1 SV=2,0.0002,0.0447,"['mock', '01h']"
P10586,5792.0,PTPRF,sp|P10586|PTPRF_HUMAN;sp|Q13332|PTPRS_HUMAN;sp|P23468|PTPRD_HUMAN,P10586;Q13332;P23468,1907,212877,Receptor-type tyrosine-protein phosphatase F OS=Homo sapiens OX=9606 GN=PTPRF PE=1 SV=2,0.0002,0.0186,"['mock', '48h']"
P10916,4633.0,MYL2,sp|P10916|MLRV_HUMAN,P10916,166,18789,"Myosin regulatory light chain 2, ventricular/cardiac muscle isoform OS=Homo sapiens OX=9606 GN=MYL2 PE=1 SV=3",0.0017,0.766,['01h']
P11055,4621.0,MYH3,sp|P11055|MYH3_HUMAN,P11055,1940,223903,Myosin-3 OS=Homo sapiens OX=9606 GN=MYH3 PE=1 SV=3,0.0019,0.4521,"['01h', '24h', 'mock']"
P11217,5837.0,PYGM,sp|P11217|PYGM_HUMAN,P11217,842,97092,"Glycogen phosphorylase, muscle form OS=Homo sapiens OX=9606 GN=PYGM PE=1 SV=6",0.0009,0.3305,['01h']
P11474,2101.0,ESRRA,sp|P11474|ERR1_HUMAN,P11474,423,45510,Steroid hormone receptor ERR1 OS=Homo sapiens OX=9606 GN=ESRRA PE=1 SV=3,0.0001,0.0789,['24h']
P11717,3482.0,IGF2R,sp|P11717|MPRI_HUMAN,P11717,2491,274373,Cation-independent mannose-6-phosphate receptor OS=Homo sapiens OX=9606 GN=IGF2R PE=1 SV=3,0.0001,0.052,['01h']
P12829,4635.0,MYL4,sp|P12829|MYL4_HUMAN,P12829,197,21565,Myosin light chain 4 OS=Homo sapiens OX=9606 GN=MYL4 PE=1 SV=3,0.0007,0.4723,['01h']
P12882,4619.0,MYH1,sp|P12882|MYH1_HUMAN,P12882,1939,223143,Myosin-1 OS=Homo sapiens OX=9606 GN=MYH1 PE=1 SV=3,0.0039,0.8365,"['24h', 'mock', '01h']"
P12883,4625.0,MYH7,sp|P12883|MYH7_HUMAN,P12883,1935,223095,Myosin-7 OS=Homo sapiens OX=9606 GN=MYH7 PE=1 SV=5,0.0018,0.3677,"['mock', '01h']"
P13196,211.0,ALAS1,sp|P13196|HEM1_HUMAN,P13196,640,70581,"5-aminolevulinate synthase, non-specific, mitochondrial OS=Homo sapiens OX=9606 GN=ALAS1 PE=1 SV=2",0.0002,0.0914,['01h']
P13805,7138.0,TNNT1,sp|P13805|TNNT1_HUMAN,P13805,278,32948,"Troponin T, slow skeletal muscle OS=Homo sapiens OX=9606 GN=TNNT1 PE=1 SV=4",0.0014,0.3366,['01h']
P14373,5987.0,TRIM27,sp|P14373|TRI27_HUMAN,P14373,513,58490,Zinc finger protein RFP OS=Homo sapiens OX=9606 GN=TRIM27 PE=1 SV=1,0.0002,0.0593,['mock']
P15153,5880.0,RAC2,sp|P15153|RAC2_HUMAN;sp|P63000|RAC1_HUMAN;sp|P60763|RAC3_HUMAN,P15153;P63000;P60763,192,21429,Ras-related C3 botulinum toxin substrate 2 OS=Homo sapiens OX=9606 GN=RAC2 PE=1 SV=1,0.0005,0.2853,['mock']
P15735,5261.0,PHKG2,sp|P15735|PHKG2_HUMAN,P15735,406,46442,"Phosphorylase b kinase gamma catalytic chain, liver/testis isoform OS=Homo sapiens OX=9606 GN=PHKG2 PE=1 SV=1",0.0003,0.1066,"['48h', '24h']"
P16144,3691.0,ITGB4,sp|P16144|ITB4_HUMAN,P16144,1822,202166,Integrin beta-4 OS=Homo sapiens OX=9606 GN=ITGB4 PE=1 SV=5,0.0002,0.0209,['01h']
P17540,1160.0,CKMT2,sp|P17540|KCRS_HUMAN,P17540,419,47505,"Creatine kinase S-type, mitochondrial OS=Homo sapiens OX=9606 GN=CKMT2 PE=1 SV=2",0.0002,0.122,['mock']
P17927,1378.0,CR1,sp|P17927|CR1_HUMAN,P17927,2039,223661,Complement receptor type 1 OS=Homo sapiens OX=9606 GN=CR1 PE=1 SV=3,0.0018,0.0233,['mock']
P18858,3978.0,LIG1,sp|P18858|DNLI1_HUMAN,P18858,919,101736,DNA ligase 1 OS=Homo sapiens OX=9606 GN=LIG1 PE=1 SV=1,0.0,0.0304,['01h']
P18887,7515.0,XRCC1,sp|P18887|XRCC1_HUMAN,P18887,633,69498,DNA repair protein XRCC1 OS=Homo sapiens OX=9606 GN=XRCC1 PE=1 SV=3,0.0001,0.0375,['24h']
P19237,7135.0,TNNI1,sp|P19237|TNNI1_HUMAN,P19237,187,21692,"Troponin I, slow skeletal muscle OS=Homo sapiens OX=9606 GN=TNNI1 PE=1 SV=3",0.0021,0.5596,['01h']
P19388,5434.0,POLR2E,sp|P19388|RPAB1_HUMAN,P19388,210,24551,"DNA-directed RNA polymerases I, II, and III subunit RPABC1 OS=Homo sapiens OX=9606 GN=POLR2E PE=1 SV=4",0.0004,0.219,['24h']
P19438,7132.0,TNFRSF1A,Reverse_sp|P19438|TNR1A_HUMAN,P19438,455,50495,Tumor necrosis factor receptor superfamily member 1A OS=Homo sapiens OX=9606 GN=TNFRSF1A PE=1 SV=1,0.0001,0.052,['48h']
P20020,490.0,ATP2B1,sp|P20020|AT2B1_HUMAN,P20020,1220,134685,Plasma membrane calcium-transporting ATPase 1 OS=Homo sapiens OX=9606 GN=ATP2B1 PE=1 SV=4,0.0001,0.1015,['01h']
P20340,5870.0,RAB6A,sp|P20340|RAB6A_HUMAN;sp|Q9NRW1|RAB6B_HUMAN,P20340;Q9NRW1,208,23593,Ras-related protein Rab-6A OS=Homo sapiens OX=9606 GN=RAB6A PE=1 SV=3,0.0016,0.2764,['24h']
P21359,4763.0,NF1,sp|P21359|NF1_HUMAN,P21359,2839,319372,Neurofibromin OS=Homo sapiens OX=9606 GN=NF1 PE=1 SV=2,0.0001,0.0328,"['01h', 'mock']"
P22105,7148.0,TNXB,sp|P22105|TENX_HUMAN,P22105,4244,458392,Tenascin-X OS=Homo sapiens OX=9606 GN=TNXB PE=1 SV=5,0.0036,0.0209,['24h']
P22415,7391.0,USF1,sp|P22415|USF1_HUMAN,P22415,310,33538,Upstream stimulatory factor 1 OS=Homo sapiens OX=9606 GN=USF1 PE=1 SV=1,0.0001,0.1508,['24h']
P22455,2264.0,FGFR4,sp|P22455|FGFR4_HUMAN,P22455,802,87954,Fibroblast growth factor receptor 4 OS=Homo sapiens OX=9606 GN=FGFR4 PE=1 SV=2,0.0002,0.0617,['01h']
P22531,6704.0,SPRR2E,sp|P22531|SPR2E_HUMAN;sp|P22532|SPR2D_HUMAN,P22531;P22532,72,7855,Small proline-rich protein 2E OS=Homo sapiens OX=9606 GN=SPRR2E PE=2 SV=2,0.0027,2.8282,"['01h', '48h']"
P22607,2261.0,FGFR3,sp|P22607|FGFR3_HUMAN,P22607,806,87710,Fibroblast growth factor receptor 3 OS=Homo sapiens OX=9606 GN=FGFR3 PE=1 SV=1,0.0001,0.0447,['24h']
P22897,4360.0,MRC1,sp|P22897|MRC1_HUMAN,P22897,1456,166011,Macrophage mannose receptor 1 OS=Homo sapiens OX=9606 GN=MRC1 PE=1 SV=1,0.0003,0.028,['mock']
P23229,3655.0,ITGA6,sp|P23229|ITA6_HUMAN,P23229,1130,126605,Integrin alpha-6 OS=Homo sapiens OX=9606 GN=ITGA6 PE=1 SV=5,0.001,0.0375,['48h']
P23634,493.0,ATP2B4,sp|P23634|AT2B4_HUMAN,P23634,1241,137920,Plasma membrane calcium-transporting ATPase 4 OS=Homo sapiens OX=9606 GN=ATP2B4 PE=1 SV=2,0.0002,0.2134,['01h']
P24844,10398.0,MYL9,sp|P24844|MYL9_HUMAN,P24844,172,19827,Myosin regulatory light polypeptide 9 OS=Homo sapiens OX=9606 GN=MYL9 PE=1 SV=4,0.0008,0.5136,['24h']
P25054,324.0,APC,sp|P25054|APC_HUMAN,P25054,2843,311646,Adenomatous polyposis coli protein OS=Homo sapiens OX=9606 GN=APC PE=1 SV=2,0.0001,0.052,['01h']
P25391,284217.0,LAMA1,Reverse_sp|P25391|LAMA1_HUMAN,P25391,3075,337083,Laminin subunit alpha-1 OS=Homo sapiens OX=9606 GN=LAMA1 PE=1 SV=2,0.0,0.0186,['24h']
P28290,6744.0,ITPRID2,sp|P28290|ITPI2_HUMAN,P28290,1259,138386,Protein ITPRID2 OS=Homo sapiens OX=9606 GN=ITPRID2 PE=1 SV=3,0.0,0.0328,['01h']
P28340,5424.0,POLD1,sp|P28340|DPOD1_HUMAN,P28340,1107,123631,DNA polymerase delta catalytic subunit OS=Homo sapiens OX=9606 GN=POLD1 PE=1 SV=2,0.0001,0.028,"['24h', '48h']"
P29353,6464.0,SHC1,sp|P29353|SHC1_HUMAN,P29353,583,62822,SHC-transforming protein 1 OS=Homo sapiens OX=9606 GN=SHC1 PE=1 SV=4,0.0003,0.0814,['mock']
P30613,5313.0,PKLR,sp|P30613|KPYR_HUMAN,P30613,574,61830,Pyruvate kinase PKLR OS=Homo sapiens OX=9606 GN=PKLR PE=1 SV=2,0.0002,0.074,"['mock', '01h']"
P31415,844.0,CASQ1,sp|P31415|CASQ1_HUMAN,P31415,396,45160,Calsequestrin-1 OS=Homo sapiens OX=9606 GN=CASQ1 PE=1 SV=3,0.0005,0.2388,['01h']
P35080,5217.0,PFN2,sp|P35080|PROF2_HUMAN,P35080,140,15046,Profilin-2 OS=Homo sapiens OX=9606 GN=PFN2 PE=1 SV=3,0.0003,0.2589,['24h']
P35663,1538.0,CYLC1,sp|P35663|CYLC1_HUMAN,P35663,651,74242,Cylicin-1 OS=Homo sapiens OX=9606 GN=CYLC1 PE=2 SV=2,0.0004,0.0691,"['01h', '24h']"
P36543,529.0,ATP6V1E1,sp|P36543|VATE1_HUMAN,P36543,226,26145,V-type proton ATPase subunit E 1 OS=Homo sapiens OX=9606 GN=ATP6V1E1 PE=1 SV=1,0.0006,0.3152,['24h']
P37840,6622.0,SNCA,sp|P37840|SYUA_HUMAN,P37840,140,14460,Alpha-synuclein OS=Homo sapiens OX=9606 GN=SNCA PE=1 SV=1,0.0005,0.39,"['01h', '24h']"
P40189,3572.0,IL6ST,Reverse_sp|P40189|IL6RB_HUMAN,P40189,918,103536,Interleukin-6 receptor subunit beta OS=Homo sapiens OX=9606 GN=IL6ST PE=1 SV=2,0.0001,0.0328,['mock']
P40394,131.0,ADH7,sp|P40394|ADH7_HUMAN,P40394,386,41481,All-trans-retinol dehydrogenase [NAD(+)] ADH7 OS=Homo sapiens OX=9606 GN=ADH7 PE=1 SV=2,0.0011,0.2331,['mock']
P40855,5824.0,PEX19,sp|P40855|PEX19_HUMAN,P40855,299,32807,Peroxisomal biogenesis factor 19 OS=Homo sapiens OX=9606 GN=PEX19 PE=1 SV=1,0.0003,0.3305,['24h']
P41214,1939.0,EIF2D,sp|P41214|EIF2D_HUMAN,P41214,584,64707,Eukaryotic translation initiation factor 2D OS=Homo sapiens OX=9606 GN=EIF2D PE=1 SV=3,0.0002,0.2359,['01h']
P43358,4103.0,MAGEA4,sp|P43358|MAGA4_HUMAN;sp|P43363|MAGAA_HUMAN;sp|P43362|MAGA9_HUMAN,P43358;P43363;P43362,317,34899,Melanoma-associated antigen 4 OS=Homo sapiens OX=9606 GN=MAGEA4 PE=1 SV=2,0.0002,0.1143,['24h']
P43362,4108.0,MAGEA9,sp|P43362|MAGA9_HUMAN,P43362,315,35088,Melanoma-associated antigen 9 OS=Homo sapiens OX=9606 GN=MAGEA9 PE=1 SV=1,0.0003,0.2106,"['01h', '01h']"
P43362,4108.0,MAGEA9B,sp|P43362|MAGA9_HUMAN,P43362,315,35088,Melanoma-associated antigen 9 OS=Homo sapiens OX=9606 GN=MAGEA9 PE=1 SV=1,0.0003,0.2106,"['01h', '01h']"
P43362,728269.0,MAGEA9,sp|P43362|MAGA9_HUMAN,P43362,315,35088,Melanoma-associated antigen 9 OS=Homo sapiens OX=9606 GN=MAGEA9 PE=1 SV=1,0.0003,0.2106,"['01h', '01h']"
P43362,728269.0,MAGEA9B,sp|P43362|MAGA9_HUMAN,P43362,315,35088,Melanoma-associated antigen 9 OS=Homo sapiens OX=9606 GN=MAGEA9 PE=1 SV=1,0.0003,0.2106,"['01h', '01h']"
P45378,7140.0,TNNT3,sp|P45378|TNNT3_HUMAN,P45378,269,31825,"Troponin T, fast skeletal muscle OS=Homo sapiens OX=9606 GN=TNNT3 PE=1 SV=3",0.0011,0.3614,['01h']
P46108,1398.0,CRK,sp|P46108|CRK_HUMAN,P46108,304,33831,Adapter molecule crk OS=Homo sapiens OX=9606 GN=CRK PE=1 SV=2,0.0001,0.1298,['24h']
P46527,1027.0,CDKN1B,Reverse_sp|P46527|CDN1B_HUMAN,P46527,198,22073,Cyclin-dependent kinase inhibitor 1B OS=Homo sapiens OX=9606 GN=CDKN1B PE=1 SV=1,0.0003,0.2764,['mock']
P48059,3987.0,LIMS1,sp|P48059|LIMS1_HUMAN;sp|Q7Z4I7|LIMS2_HUMAN,P48059;Q7Z4I7,325,37251,LIM and senescent cell antigen-like-containing domain protein 1 OS=Homo sapiens OX=9606 GN=LIMS1 PE=1 SV=4,0.0058,0.0965,['48h']
P48739,23760.0,PITPNB,sp|P48739|PIPNB_HUMAN,P48739,271,31540,Phosphatidylinositol transfer protein beta isoform OS=Homo sapiens OX=9606 GN=PITPNB PE=1 SV=2,0.0001,0.194,['24h']
P48741,NA,NA,sp|P48741|HSP77_HUMAN,P48741,367,40244,Putative heat shock 70 kDa protein 7 OS=Homo sapiens OX=9606 GN=HSPA7 PE=5 SV=2,0.0004,0.2303,['01h']
P49023,5829.0,PXN,sp|P49023|PAXI_HUMAN,P49023,591,64505,Paxillin OS=Homo sapiens OX=9606 GN=PXN PE=1 SV=3,0.0001,0.0691,['01h']
P49441,3628.0,INPP1,sp|P49441|INPP_HUMAN,P49441,399,43998,Inositol polyphosphate 1-phosphatase OS=Homo sapiens OX=9606 GN=INPP1 PE=1 SV=1,0.0001,0.0715,['24h']
P49454,1063.0,CENPF,sp|P49454|CENPF_HUMAN,P49454,3114,357527,Centromere protein F OS=Homo sapiens OX=9606 GN=CENPF PE=1 SV=3,0.0001,0.0641,['01h']
P49754,27072.0,VPS41,sp|P49754|VPS41_HUMAN,P49754,854,98566,Vacuolar protein sorting-associated protein 41 homolog OS=Homo sapiens OX=9606 GN=VPS41 PE=1 SV=3,0.0002,0.1324,['01h']
P50993,477.0,ATP1A2,sp|P50993|AT1A2_HUMAN;sp|Q13733|AT1A4_HUMAN,P50993;Q13733,1020,112265,Sodium/potassium-transporting ATPase subunit alpha-2 OS=Homo sapiens OX=9606 GN=ATP1A2 PE=1 SV=1,0.0001,0.0789,['24h']
P51153,5872.0,RAB13,sp|P51153|RAB13_HUMAN,P51153,203,22774,Ras-related protein Rab-13 OS=Homo sapiens OX=9606 GN=RAB13 PE=1 SV=1,0.0013,0.406,['24h']
P51508,347344.0,ZNF81,sp|P51508|ZNF81_HUMAN,P51508,661,75960,Zinc finger protein 81 OS=Homo sapiens OX=9606 GN=ZNF81 PE=1 SV=3,0.008,0.0495,['48h']
P51580,7172.0,TPMT,sp|P51580|TPMT_HUMAN,P51580,245,28180,Thiopurine S-methyltransferase OS=Homo sapiens OX=9606 GN=TPMT PE=1 SV=1,0.0007,0.1614,['mock']
P51654,2719.0,GPC3,sp|P51654|GPC3_HUMAN;sp|Q86UK5|LBN_HUMAN,P51654;Q86UK5,580,65563,Glypican-3 OS=Homo sapiens OX=9606 GN=GPC3 PE=1 SV=1,0.0002,0.028,['01h']
P51955,4751.0,NEK2,Reverse_sp|P51955|NEK2_HUMAN,P51955,445,51763,Serine/threonine-protein kinase Nek2 OS=Homo sapiens OX=9606 GN=NEK2 PE=1 SV=1,0.0001,0.0864,['01h']
P52179,8736.0,MYOM1,sp|P52179|MYOM1_HUMAN,P52179,1685,187625,Myomesin-1 OS=Homo sapiens OX=9606 GN=MYOM1 PE=1 SV=2,0.0,0.0139,['01h']
P52434,5437.0,POLR2H,sp|P52434|RPAB3_HUMAN,P52434,150,17143,"DNA-directed RNA polymerases I, II, and III subunit RPABC3 OS=Homo sapiens OX=9606 GN=POLR2H PE=1 SV=4",0.0008,0.2218,['24h']
P52741,7693.0,ZNF134,sp|P52741|ZN134_HUMAN,P52741,427,48480,Zinc finger protein 134 OS=Homo sapiens OX=9606 GN=ZNF134 PE=1 SV=2,0.0001,0.1066,['mock']
P52948,4928.0,NUP98,Reverse_sp|P52948|NUP98_HUMAN,P52948,1817,197578,Nuclear pore complex protein Nup98-Nup96 OS=Homo sapiens OX=9606 GN=NUP98 PE=1 SV=4,0.0007,0.0116,['01h']
P53367,27236.0,ARFIP1,sp|P53367|ARFP1_HUMAN,P53367,373,41738,Arfaptin-1 OS=Homo sapiens OX=9606 GN=ARFIP1 PE=1 SV=2,0.0002,0.2503,['24h']
P53675,8218.0,CLTCL1,sp|P53675|CLH2_HUMAN;sp|Q00610|CLH1_HUMAN,P53675;Q00610,1640,187029,Clathrin heavy chain 2 OS=Homo sapiens OX=9606 GN=CLTCL1 PE=1 SV=2,0.002,0.0162,['48h']
P54296,9172.0,MYOM2,sp|P54296|MYOM2_HUMAN,P54296,1465,164869,Myomesin-2 OS=Homo sapiens OX=9606 GN=MYOM2 PE=1 SV=3,0.0002,0.0965,['01h']
P54821,5396.0,PRRX1,sp|P54821|PRRX1_HUMAN,P54821,245,27296,Paired mesoderm homeobox protein 1 OS=Homo sapiens OX=9606 GN=PRRX1 PE=1 SV=2,0.0005,0.3122,"['24h', 'mock']"
P55039,1819.0,DRG2,sp|P55039|DRG2_HUMAN,P55039,364,40746,Developmentally-regulated GTP-binding protein 2 OS=Homo sapiens OX=9606 GN=DRG2 PE=1 SV=1,0.0002,0.1482,['01h']
P57076,56683.0,CFAP298,sp|P57076|CF298_HUMAN,P57076,290,33224,Cilia- and flagella-associated protein 298 OS=Homo sapiens OX=9606 GN=CFAP298 PE=1 SV=1,0.0001,0.2303,['24h']
P61019,5862.0,RAB2A,sp|P61019|RAB2A_HUMAN;sp|Q8WUD1|RAB2B_HUMAN,P61019;Q8WUD1,212,23546,Ras-related protein Rab-2A OS=Homo sapiens OX=9606 GN=RAB2A PE=1 SV=1,0.0002,0.1508,['48h']
P62487,5436.0,POLR2G,sp|P62487|RPB7_HUMAN,P62487,172,19294,DNA-directed RNA polymerase II subunit RPB7 OS=Homo sapiens OX=9606 GN=POLR2G PE=1 SV=1,0.0003,0.5959,['mock']
P62736,59.0,ACTA2,sp|P62736|ACTA_HUMAN;sp|P68032|ACTC_HUMAN;sp|P63267|ACTH_HUMAN,P62736;P68032;P63267,377,42009,"Actin, aortic smooth muscle OS=Homo sapiens OX=9606 GN=ACTA2 PE=1 SV=1",0.0028,0.4962,['mock']
P63162,6638.0,SNRPN,sp|P63162|RSMN_HUMAN,P63162,240,24614,Small nuclear ribonucleoprotein-associated protein N OS=Homo sapiens OX=9606 GN=SNRPN PE=1 SV=1,0.0011,0.2823,"['mock', 'mock']"
P63162,6638.0,SNURF,sp|P63162|RSMN_HUMAN,P63162,240,24614,Small nuclear ribonucleoprotein-associated protein N OS=Homo sapiens OX=9606 GN=SNRPN PE=1 SV=1,0.0011,0.2823,"['mock', 'mock']"
P63162,8926.0,SNRPN,sp|P63162|RSMN_HUMAN,P63162,240,24614,Small nuclear ribonucleoprotein-associated protein N OS=Homo sapiens OX=9606 GN=SNRPN PE=1 SV=1,0.0011,0.2823,"['mock', 'mock']"
P63162,8926.0,SNURF,sp|P63162|RSMN_HUMAN,P63162,240,24614,Small nuclear ribonucleoprotein-associated protein N OS=Homo sapiens OX=9606 GN=SNRPN PE=1 SV=1,0.0011,0.2823,"['mock', 'mock']"
P63261,71.0,ACTG1,sp|P63261|ACTG_HUMAN,P63261,375,41793,"Actin, cytoplasmic 2 OS=Homo sapiens OX=9606 GN=ACTG1 PE=1 SV=1",0.0073,1.9854,['48h']
P63316,7134.0,TNNC1,sp|P63316|TNNC1_HUMAN,P63316,161,18402,"Troponin C, slow skeletal and cardiac muscles OS=Homo sapiens OX=9606 GN=TNNC1 PE=1 SV=1",0.0012,0.349,['01h']
P68032,70.0,ACTC1,sp|P68032|ACTC_HUMAN,P68032,377,42019,"Actin, alpha cardiac muscle 1 OS=Homo sapiens OX=9606 GN=ACTC1 PE=1 SV=1",0.0055,0.9815,['01h']
P68133,58.0,ACTA1,sp|P68133|ACTS_HUMAN,P68133,377,42051,"Actin, alpha skeletal muscle OS=Homo sapiens OX=9606 GN=ACTA1 PE=1 SV=1",0.011,2.0974,"['mock', '01h']"
P68363,10376.0,TUBA1B,sp|P68363|TBA1B_HUMAN;sp|Q9BQE3|TBA1C_HUMAN;sp|Q71U36|TBA1A_HUMAN,P68363;Q9BQE3;Q71U36,451,50152,Tubulin alpha-1B chain OS=Homo sapiens OX=9606 GN=TUBA1B PE=1 SV=1,0.0032,0.4454,['mock']
P69891,3047.0,HBG1,sp|P69891|HBG1_HUMAN;sp|P69892|HBG2_HUMAN,P69891;P69892,147,16140,Hemoglobin subunit gamma-1 OS=Homo sapiens OX=9606 GN=HBG1 PE=1 SV=2,0.0026,0.652,['01h']
P69892,3048.0,HBG2,sp|P69892|HBG2_HUMAN,P69892,147,16126,Hemoglobin subunit gamma-2 OS=Homo sapiens OX=9606 GN=HBG2 PE=1 SV=2,0.0007,0.4555,['mock']
P78318,3476.0,IGBP1,sp|P78318|IGBP1_HUMAN,P78318,339,39222,Immunoglobulin-binding protein 1 OS=Homo sapiens OX=9606 GN=IGBP1 PE=1 SV=1,0.0001,0.0914,['24h']
P83436,91949.0,COG7,sp|P83436|COG7_HUMAN,P83436,770,86344,Conserved oligomeric Golgi complex subunit 7 OS=Homo sapiens OX=9606 GN=COG7 PE=1 SV=1,0.0,0.0399,['24h']
P84103,6428.0,SRSF3,sp|P84103|SRSF3_HUMAN;sp|Q16629|SRSF7_HUMAN,P84103;Q16629,164,19330,Serine/arginine-rich splicing factor 3 OS=Homo sapiens OX=9606 GN=SRSF3 PE=1 SV=1,0.0011,0.2162,['mock']
Q00587,11135.0,CDC42EP1,sp|Q00587|BORG5_HUMAN,Q00587,391,40295,Cdc42 effector protein 1 OS=Homo sapiens OX=9606 GN=CDC42EP1 PE=1 SV=1,0.0003,0.0864,['24h']
Q00872,4604.0,MYBPC1,sp|Q00872|MYPC1_HUMAN,Q00872,1141,128294,"Myosin-binding protein C, slow-type OS=Homo sapiens OX=9606 GN=MYBPC1 PE=1 SV=2",0.0002,0.0399,"['mock', '01h']"
Q02779,4294.0,MAP3K10,sp|Q02779|M3K10_HUMAN,Q02779,954,103695,Mitogen-activated protein kinase kinase kinase 10 OS=Homo sapiens OX=9606 GN=MAP3K10 PE=1 SV=3,0.0156,0.0328,['01h']
Q03468,2074.0,ERCC6,sp|Q03468|ERCC6_HUMAN,Q03468,1493,168415,DNA excision repair protein ERCC-6 OS=Homo sapiens OX=9606 GN=ERCC6 PE=1 SV=1,0.0001,0.0351,"['mock', '24h', '01h']"
Q04912,4486.0,MST1R,sp|Q04912|RON_HUMAN,Q04912,1400,152241,Macrophage-stimulating protein receptor OS=Homo sapiens OX=9606 GN=MST1R PE=1 SV=3,0.0,0.0233,['mock']
Q05655,5580.0,PRKCD,sp|Q05655|KPCD_HUMAN,Q05655,676,77505,Protein kinase C delta type OS=Homo sapiens OX=9606 GN=PRKCD PE=1 SV=2,0.0002,0.194,['01h']
Q06587,6015.0,RING1,sp|Q06587|RING1_HUMAN;sp|Q99496|RING2_HUMAN,Q06587;Q99496,406,42429,E3 ubiquitin-protein ligase RING1 OS=Homo sapiens OX=9606 GN=RING1 PE=1 SV=2,0.0001,0.0814,"['mock', '01h']"
Q07837,6519.0,SLC3A1,sp|Q07837|SLC31_HUMAN,Q07837,685,78852,Neutral and basic amino acid transport protein rBAT OS=Homo sapiens OX=9606 GN=SLC3A1 PE=1 SV=2,0.0015,0.052,['48h']
Q08379,2801.0,GOLGA2,sp|Q08379|GOGA2_HUMAN,Q08379,1002,113086,Golgin subfamily A member 2 OS=Homo sapiens OX=9606 GN=GOLGA2 PE=1 SV=3,0.0001,0.0495,['01h']
Q08AD1,23271.0,CAMSAP2,sp|Q08AD1|CAMP2_HUMAN,Q08AD1,1489,168088,Calmodulin-regulated spectrin-associated protein 2 OS=Homo sapiens OX=9606 GN=CAMSAP2 PE=1 SV=3,0.0,0.0328,['01h']
Q08AF3,162394.0,SLFN5,sp|Q08AF3|SLFN5_HUMAN,Q08AF3,891,101055,Schlafen family member 5 OS=Homo sapiens OX=9606 GN=SLFN5 PE=1 SV=1,0.0003,0.1535,['01h']
Q0ZGT2,91624.0,NEXN,sp|Q0ZGT2|NEXN_HUMAN,Q0ZGT2,675,80658,Nexilin OS=Homo sapiens OX=9606 GN=NEXN PE=1 SV=1,0.0005,0.0864,['01h']
Q12766,22993.0,HMGXB3,sp|Q12766|HMGX3_HUMAN,Q12766,1292,141105,HMG domain-containing protein 3 OS=Homo sapiens OX=9606 GN=HMGXB3 PE=2 SV=3,0.0009,0.0233,['01h']
Q12769,23279.0,NUP160,sp|Q12769|NU160_HUMAN,Q12769,1436,162121,Nuclear pore complex protein Nup160 OS=Homo sapiens OX=9606 GN=NUP160 PE=1 SV=3,0.0001,0.0447,['01h']
Q12849,2926.0,GRSF1,sp|Q12849|GRSF1_HUMAN,Q12849,480,53126,G-rich sequence factor 1 OS=Homo sapiens OX=9606 GN=GRSF1 PE=1 SV=3,0.0001,0.1614,['24h']
Q12907,10960.0,LMAN2,sp|Q12907|LMAN2_HUMAN,Q12907,356,40229,Vesicular integral-membrane protein VIP36 OS=Homo sapiens OX=9606 GN=LMAN2 PE=1 SV=1,0.0003,0.1455,['mock']
Q12923,5783.0,PTPN13,Reverse_sp|Q12923|PTN13_HUMAN,Q12923,2485,276904,Tyrosine-protein phosphatase non-receptor type 13 OS=Homo sapiens OX=9606 GN=PTPN13 PE=1 SV=2,0.0,0.0139,['24h']
Q12933,7186.0,TRAF2,sp|Q12933|TRAF2_HUMAN,Q12933,501,55859,TNF receptor-associated factor 2 OS=Homo sapiens OX=9606 GN=TRAF2 PE=1 SV=2,0.0001,0.0328,['01h']
Q12959,1739.0,DLG1,sp|Q12959|DLG1_HUMAN,Q12959,904,100455,Disks large homolog 1 OS=Homo sapiens OX=9606 GN=DLG1 PE=1 SV=2,0.0,0.0304,['24h']
Q13075,4671.0,NAIP,sp|Q13075|BIRC1_HUMAN,Q13075,1403,159581,Baculoviral IAP repeat-containing protein 1 OS=Homo sapiens OX=9606 GN=NAIP PE=1 SV=3,0.0001,0.0209,['24h']
Q13098,2873.0,GPS1,sp|Q13098|CSN1_HUMAN,Q13098,491,55537,COP9 signalosome complex subunit 1 OS=Homo sapiens OX=9606 GN=GPS1 PE=1 SV=4,0.0005,0.2246,['01h']
Q13129,6018.0,RLF,sp|Q13129|RLF_HUMAN,Q13129,1914,217952,Zinc finger protein Rlf OS=Homo sapiens OX=9606 GN=RLF PE=1 SV=2,0.0001,0.0209,['mock']
Q13131,5562.0,PRKAA1,sp|Q13131|AAPK1_HUMAN,Q13131,559,64009,5'-AMP-activated protein kinase catalytic subunit alpha-1 OS=Homo sapiens OX=9606 GN=PRKAA1 PE=1 SV=4,0.0003,0.2274,['01h']
Q13325,24138.0,IFIT5,sp|Q13325|IFIT5_HUMAN,Q13325,482,55847,Interferon-induced protein with tetratricopeptide repeats 5 OS=Homo sapiens OX=9606 GN=IFIT5 PE=1 SV=1,0.0004,0.2274,['01h']
Q13426,7518.0,XRCC4,sp|Q13426|XRCC4_HUMAN,Q13426,336,38287,DNA repair protein XRCC4 OS=Homo sapiens OX=9606 GN=XRCC4 PE=1 SV=2,0.0002,0.2023,['24h']
Q13433,25800.0,SLC39A6,sp|Q13433|S39A6_HUMAN,Q13433,755,85047,Zinc transporter ZIP6 OS=Homo sapiens OX=9606 GN=SLC39A6 PE=1 SV=3,0.0001,0.0544,['mock']
Q13546,8737.0,RIPK1,sp|Q13546|RIPK1_HUMAN,Q13546,671,75931,Receptor-interacting serine/threonine-protein kinase 1 OS=Homo sapiens OX=9606 GN=RIPK1 PE=1 SV=3,0.0001,0.0495,['mock']
Q13557,817.0,CAMK2D,sp|Q13557|KCC2D_HUMAN,Q13557,499,56369,Calcium/calmodulin-dependent protein kinase type II subunit delta OS=Homo sapiens OX=9606 GN=CAMK2D PE=1 SV=3,0.0001,0.1376,['24h']
Q13616,8454.0,CUL1,sp|Q13616|CUL1_HUMAN,Q13616,776,89678,Cullin-1 OS=Homo sapiens OX=9606 GN=CUL1 PE=1 SV=2,0.0001,0.0399,['24h']
Q13617,8453.0,CUL2,sp|Q13617|CUL2_HUMAN,Q13617,745,86983,Cullin-2 OS=Homo sapiens OX=9606 GN=CUL2 PE=1 SV=2,0.0002,0.122,['01h']
Q13625,7159.0,TP53BP2,Reverse_sp|Q13625|ASPP2_HUMAN,Q13625,1128,125616,Apoptosis-stimulating of p53 protein 2 OS=Homo sapiens OX=9606 GN=TP53BP2 PE=1 SV=2,0.0001,0.0375,['01h']
Q13642,2273.0,FHL1,sp|Q13642|FHL1_HUMAN,Q13642,323,36263,Four and a half LIM domains protein 1 OS=Homo sapiens OX=9606 GN=FHL1 PE=1 SV=4,0.0016,0.349,['01h']
Q14116,3606.0,IL18,sp|Q14116|IL18_HUMAN,Q14116,193,22326,Interleukin-18 OS=Homo sapiens OX=9606 GN=IL18 PE=1 SV=1,0.0003,0.4488,['24h']
Q14137,23246.0,BOP1,sp|Q14137|BOP1_HUMAN,Q14137,746,83630,Ribosome biogenesis protein BOP1 OS=Homo sapiens OX=9606 GN=BOP1 PE=1 SV=2,0.0001,0.0447,['mock']
Q14147,9704.0,DHX34,sp|Q14147|DHX34_HUMAN,Q14147,1143,128120,Probable ATP-dependent RNA helicase DHX34 OS=Homo sapiens OX=9606 GN=DHX34 PE=1 SV=2,0.0001,0.0864,['01h']
Q14151,9667.0,SAFB2,sp|Q14151|SAFB2_HUMAN;sp|Q15424|SAFB1_HUMAN,Q14151;Q15424,953,107474,Scaffold attachment factor B2 OS=Homo sapiens OX=9606 GN=SAFB2 PE=1 SV=1,0.0001,0.052,['mock']
Q14185,1793.0,DOCK1,sp|Q14185|DOCK1_HUMAN,Q14185,1865,215344,Dedicator of cytokinesis protein 1 OS=Homo sapiens OX=9606 GN=DOCK1 PE=1 SV=2,0.0001,0.0544,['01h']
Q14254,2319.0,FLOT2,sp|Q14254|FLOT2_HUMAN,Q14254,428,47064,Flotillin-2 OS=Homo sapiens OX=9606 GN=FLOT2 PE=1 SV=2,0.0001,0.0789,['mock']
Q14324,4606.0,MYBPC2,sp|Q14324|MYPC2_HUMAN,Q14324,1141,128072,"Myosin-binding protein C, fast-type OS=Homo sapiens OX=9606 GN=MYBPC2 PE=1 SV=2",0.0002,0.0765,"['01h', 'mock']"
Q14517,2195.0,FAT1,sp|Q14517|FAT1_HUMAN,Q14517,4588,506278,Protocadherin Fat 1 OS=Homo sapiens OX=9606 GN=FAT1 PE=1 SV=2,0.0,0.0162,['48h']
Q14571,3709.0,ITPR2,sp|Q14571|ITPR2_HUMAN,Q14571,2701,308062,"Inositol 1,4,5-trisphosphate receptor type 2 OS=Homo sapiens OX=9606 GN=ITPR2 PE=1 SV=2",0.0,0.0162,['mock']
Q14674,9700.0,ESPL1,sp|Q14674|ESPL1_HUMAN,Q14674,2120,233173,Separin OS=Homo sapiens OX=9606 GN=ESPL1 PE=1 SV=3,0.0,0.0375,['01h']
Q14997,23198.0,PSME4,sp|Q14997|PSME4_HUMAN,Q14997,1843,211332,Proteasome activator complex subunit 4 OS=Homo sapiens OX=9606 GN=PSME4 PE=1 SV=2,0.0,0.0209,['01h']
Q14C86,26130.0,GAPVD1,sp|Q14C86|GAPD1_HUMAN,Q14C86,1478,164979,GTPase-activating protein and VPS9 domain-containing protein 1 OS=Homo sapiens OX=9606 GN=GAPVD1 PE=1 SV=2,0.0001,0.0641,['01h']
Q14CZ7,79072.0,FASTKD3,sp|Q14CZ7|FAKD3_HUMAN,Q14CZ7,662,75689,"FAST kinase domain-containing protein 3, mitochondrial OS=Homo sapiens OX=9606 GN=FASTKD3 PE=1 SV=2",0.0001,0.0495,['01h']
Q15111,5334.0,PLCL1,sp|Q15111|PLCL1_HUMAN,Q15111,1095,122728,Inactive phospholipase C-like protein 1 OS=Homo sapiens OX=9606 GN=PLCL1 PE=1 SV=3,0.0002,0.0351,['01h']
Q15121,8682.0,PEA15,sp|Q15121|PEA15_HUMAN,Q15121,130,15040,Astrocytic phosphoprotein PEA-15 OS=Homo sapiens OX=9606 GN=PEA15 PE=1 SV=2,0.0005,0.762,['24h']
Q15413,6263.0,RYR3,Reverse_sp|Q15413|RYR3_HUMAN,Q15413,4870,552048,Ryanodine receptor 3 OS=Homo sapiens OX=9606 GN=RYR3 PE=1 SV=3,0.0001,0.0375,"['48h', '01h']"
Q15477,6499.0,SKIV2L,sp|Q15477|SKI2_HUMAN,Q15477,1246,137755,Superkiller complex protein 2 OS=Homo sapiens OX=9606 GN=SKIC2 PE=1 SV=3,0.0001,0.1722,['01h']
Q15554,7014.0,TERF2,sp|Q15554|TERF2_HUMAN,Q15554,542,59594,Telomeric repeat-binding factor 2 OS=Homo sapiens OX=9606 GN=TERF2 PE=1 SV=3,0.0001,0.0617,"['01h', '24h']"
Q15771,27314.0,RAB30,sp|Q15771|RAB30_HUMAN,Q15771,203,23058,Ras-related protein Rab-30 OS=Homo sapiens OX=9606 GN=RAB30 PE=1 SV=2,0.0008,0.2417,['24h']
Q15785,10953.0,TOMM34,sp|Q15785|TOM34_HUMAN,Q15785,309,34559,Mitochondrial import receptor subunit TOM34 OS=Homo sapiens OX=9606 GN=TOMM34 PE=1 SV=2,0.0004,0.2218,['24h']
Q15822,1135.0,CHRNA2,sp|Q15822|ACHA2_HUMAN,Q15822,529,59765,Neuronal acetylcholine receptor subunit alpha-2 OS=Homo sapiens OX=9606 GN=CHRNA2 PE=1 SV=2,0.0002,0.0814,['01h']
Q16236,4780.0,NFE2L2,sp|Q16236|NF2L2_HUMAN,Q16236,605,67827,Nuclear factor erythroid 2-related factor 2 OS=Homo sapiens OX=9606 GN=NFE2L2 PE=1 SV=3,0.0018,0.0351,['48h']
Q16650,10716.0,TBR1,sp|Q16650|TBR1_HUMAN,Q16650,682,74053,T-box brain protein 1 OS=Homo sapiens OX=9606 GN=TBR1 PE=1 SV=1,0.0105,0.0375,"['48h', 'mock']"
Q17R98,152485.0,ZNF827,sp|Q17R98|ZN827_HUMAN,Q17R98,1081,119165,Zinc finger protein 827 OS=Homo sapiens OX=9606 GN=ZNF827 PE=1 SV=1,0.0139,0.0423,['24h']
Q17RY0,80315.0,CPEB4,sp|Q17RY0|CPEB4_HUMAN,Q17RY0,729,80152,Cytoplasmic polyadenylation element-binding protein 4 OS=Homo sapiens OX=9606 GN=CPEB4 PE=1 SV=1,0.0073,0.0375,['48h']
Q27J81,64423.0,INF2,sp|Q27J81|INF2_HUMAN,Q27J81,1249,135624,Inverted formin-2 OS=Homo sapiens OX=9606 GN=INF2 PE=1 SV=2,0.0,0.0351,"['mock', '01h']"
Q2LD37,84162.0,KIAA1109,Reverse_sp|Q2LD37|BLTP1_HUMAN,Q2LD37,5005,555490,Bridge-like lipid transfer protein family member 1 OS=Homo sapiens OX=9606 GN=BLTP1 PE=1 SV=2,0.0,0.0116,['01h']
Q2M2I8,22848.0,AAK1,sp|Q2M2I8|AAK1_HUMAN,Q2M2I8,961,103885,AP2-associated protein kinase 1 OS=Homo sapiens OX=9606 GN=AAK1 PE=1 SV=3,0.0,0.0423,['01h']
Q2TAY7,55234.0,SMU1,sp|Q2TAY7|SMU1_HUMAN,Q2TAY7,513,57544,WD40 repeat-containing protein SMU1 OS=Homo sapiens OX=9606 GN=SMU1 PE=1 SV=2,0.0001,0.0691,['01h']
Q2V2M9,80206.0,FHOD3,Reverse_sp|Q2V2M9|FHOD3_HUMAN,Q2V2M9,1422,158613,FH1/FH2 domain-containing protein 3 OS=Homo sapiens OX=9606 GN=FHOD3 PE=1 SV=2,0.0001,0.0351,['mock']
Q2YD98,57654.0,UVSSA,sp|Q2YD98|UVSSA_HUMAN,Q2YD98,709,80592,UV-stimulated scaffold protein A OS=Homo sapiens OX=9606 GN=UVSSA PE=1 SV=2,0.0001,0.0914,['01h']
Q32NC0,83608.0,C18orf21,sp|Q32NC0|CR021_HUMAN,Q32NC0,220,24827,UPF0711 protein C18orf21 OS=Homo sapiens OX=9606 GN=C18orf21 PE=1 SV=1,0.0004,0.4289,['01h']
Q32P51,144983.0,HNRNPA1L2,sp|Q32P51|RA1L2_HUMAN,Q32P51,320,34225,Heterogeneous nuclear ribonucleoprotein A1-like 2 OS=Homo sapiens OX=9606 GN=HNRNPA1L2 PE=2 SV=2,0.0045,1.1135,['24h']
Q3B7T1,26098.0,EDRF1,sp|Q3B7T1|EDRF1_HUMAN,Q3B7T1,1238,138528,Erythroid differentiation-related factor 1 OS=Homo sapiens OX=9606 GN=EDRF1 PE=1 SV=1,0.0001,0.0471,['01h']
Q460N5,54625.0,PARP14,sp|Q460N5|PAR14_HUMAN,Q460N5,1801,202799,Protein mono-ADP-ribosyltransferase PARP14 OS=Homo sapiens OX=9606 GN=PARP14 PE=1 SV=3,0.0001,0.052,['01h']
Q4G0N7,619208.0,FAM229B,sp|Q4G0N7|F229B_HUMAN,Q4G0N7,80,8717,Protein FAM229B OS=Homo sapiens OX=9606 GN=FAM229B PE=1 SV=1,0.0013,1.0512,['01h']
Q4KMP7,26000.0,TBC1D10B,sp|Q4KMP7|TB10B_HUMAN,Q4KMP7,808,87199,TBC1 domain family member 10B OS=Homo sapiens OX=9606 GN=TBC1D10B PE=1 SV=3,0.0001,0.0617,['01h']
Q53GS7,2733.0,GLE1,sp|Q53GS7|GLE1_HUMAN,Q53GS7,698,79836,mRNA export factor GLE1 OS=Homo sapiens OX=9606 GN=GLE1 PE=1 SV=2,0.0001,0.0617,['01h']
Q5GFL6,340706.0,VWA2,sp|Q5GFL6|VWA2_HUMAN,Q5GFL6,755,82012,von Willebrand factor A domain-containing protein 2 OS=Homo sapiens OX=9606 GN=VWA2 PE=1 SV=1,0.0028,0.0375,['48h']
Q5JQF8,340529.0,PABPC1L2A,sp|Q5JQF8|PAP1M_HUMAN,Q5JQF8,200,22799,Polyadenylate-binding protein 1-like 2 OS=Homo sapiens OX=9606 GN=PABPC1L2A PE=2 SV=1,0.0007,0.2589,"['24h', 'mock', '48h', '24h', 'mock', '48h']"
Q5JQF8,340529.0,PABPC1L2B,sp|Q5JQF8|PAP1M_HUMAN,Q5JQF8,200,22799,Polyadenylate-binding protein 1-like 2 OS=Homo sapiens OX=9606 GN=PABPC1L2A PE=2 SV=1,0.0007,0.2589,"['24h', 'mock', '48h', '24h', 'mock', '48h']"
Q5JQF8,645974.0,PABPC1L2A,sp|Q5JQF8|PAP1M_HUMAN,Q5JQF8,200,22799,Polyadenylate-binding protein 1-like 2 OS=Homo sapiens OX=9606 GN=PABPC1L2A PE=2 SV=1,0.0007,0.2589,"['24h', 'mock', '48h', '24h', 'mock', '48h']"
Q5JQF8,645974.0,PABPC1L2B,sp|Q5JQF8|PAP1M_HUMAN,Q5JQF8,200,22799,Polyadenylate-binding protein 1-like 2 OS=Homo sapiens OX=9606 GN=PABPC1L2A PE=2 SV=1,0.0007,0.2589,"['24h', 'mock', '48h', '24h', 'mock', '48h']"
Q5JTV8,26092.0,TOR1AIP1,sp|Q5JTV8|TOIP1_HUMAN,Q5JTV8,583,66248,Torsin-1A-interacting protein 1 OS=Homo sapiens OX=9606 GN=TOR1AIP1 PE=1 SV=2,0.0001,0.0568,['01h']
Q5JWF2,2778.0,GNAS,sp|Q5JWF2|GNAS1_HUMAN,Q5JWF2,1037,111024,Guanine nucleotide-binding protein G(s) subunit alpha isoforms XLas OS=Homo sapiens OX=9606 GN=GNAS PE=1 SV=2,0.0004,0.1588,['48h']
Q5SZK8,341640.0,FREM2,sp|Q5SZK8|FREM2_HUMAN,Q5SZK8,3169,351167,FRAS1-related extracellular matrix protein 2 OS=Homo sapiens OX=9606 GN=FREM2 PE=1 SV=3,0.0,0.0186,['48h']
Q5SZL2,387119.0,CEP85L,Reverse_sp|Q5SZL2|CE85L_HUMAN,Q5SZL2,805,91808,Centrosomal protein of 85 kDa-like OS=Homo sapiens OX=9606 GN=CEP85L PE=1 SV=1,0.0003,0.1298,['mock']
Q5T4S7,23352.0,UBR4,sp|Q5T4S7|UBR4_HUMAN,Q5T4S7,5183,573849,E3 ubiquitin-protein ligase UBR4 OS=Homo sapiens OX=9606 GN=UBR4 PE=1 SV=1,0.0001,0.0328,['01h']
Q5T9A4,83858.0,ATAD3B,sp|Q5T9A4|ATD3B_HUMAN,Q5T9A4,648,72573,ATPase family AAA domain-containing protein 3B OS=Homo sapiens OX=9606 GN=ATAD3B PE=1 SV=1,0.0003,0.1535,['01h']
Q5T9A4,83858.0,ATAD3B,sp|Q5T9A4|ATD3B_HUMAN;sp|Q9NVI7|ATD3A_HUMAN,Q5T9A4;Q9NVI7,648,72573,ATPase family AAA domain-containing protein 3B OS=Homo sapiens OX=9606 GN=ATAD3B PE=1 SV=1,0.0019,0.0666,['01h']
Q5TC82,149041.0,RC3H1,sp|Q5TC82|RC3H1_HUMAN,Q5TC82,1133,125736,Roquin-1 OS=Homo sapiens OX=9606 GN=RC3H1 PE=1 SV=1,0.0,0.0447,['01h']
Q5VT06,9857.0,CEP350,sp|Q5VT06|CE350_HUMAN,Q5VT06,3117,350931,Centrosome-associated protein 350 OS=Homo sapiens OX=9606 GN=CEP350 PE=1 SV=1,0.0,0.0139,['01h']
Q5VT25,8476.0,CDC42BPA,sp|Q5VT25|MRCKA_HUMAN;sp|Q9Y5S2|MRCKB_HUMAN;sp|Q6DT37|MRCKG_HUMAN,Q5VT25;Q9Y5S2;Q6DT37,1732,197306,Serine/threonine-protein kinase MRCK alpha OS=Homo sapiens OX=9606 GN=CDC42BPA PE=1 SV=1,0.0043,0.0139,['24h']
Q5VTT5,127294.0,MYOM3,sp|Q5VTT5|MYOM3_HUMAN,Q5VTT5,1437,162189,Myomesin-3 OS=Homo sapiens OX=9606 GN=MYOM3 PE=1 SV=1,0.0046,0.0209,['48h']
Q5VU43,9659.0,PDE4DIP,sp|Q5VU43|MYOME_HUMAN,Q5VU43,2346,265100,Myomegalin OS=Homo sapiens OX=9606 GN=PDE4DIP PE=1 SV=3,0.0001,0.0257,['01h']
Q5VWQ8,153090.0,DAB2IP,sp|Q5VWQ8|DAB2P_HUMAN;sp|Q9UJF2|NGAP_HUMAN,Q5VWQ8;Q9UJF2,1189,131625,Disabled homolog 2-interacting protein OS=Homo sapiens OX=9606 GN=DAB2IP PE=1 SV=2,0.0,0.0304,['01h']
Q63HM2,64430.0,PCNX4,sp|Q63HM2|PCX4_HUMAN,Q63HM2,1172,132702,Pecanex-like protein 4 OS=Homo sapiens OX=9606 GN=PCNX4 PE=1 SV=4,0.0002,0.0304,['mock']
Q63ZY3,25959.0,KANK2,sp|Q63ZY3|KANK2_HUMAN,Q63ZY3,851,91174,KN motif and ankyrin repeat domain-containing protein 2 OS=Homo sapiens OX=9606 GN=KANK2 PE=1 SV=1,0.0002,0.1041,['01h']
Q6AI08,63897.0,HEATR6,sp|Q6AI08|HEAT6_HUMAN,Q6AI08,1181,128781,HEAT repeat-containing protein 6 OS=Homo sapiens OX=9606 GN=HEATR6 PE=1 SV=1,0.0,0.0328,['01h']
Q6GQQ9,56957.0,OTUD7B,sp|Q6GQQ9|OTU7B_HUMAN,Q6GQQ9,843,92526,OTU domain-containing protein 7B OS=Homo sapiens OX=9606 GN=OTUD7B PE=1 SV=1,0.0063,0.0495,['48h']
Q6MZQ0,79899.0,PRR5L,sp|Q6MZQ0|PRR5L_HUMAN,Q6MZQ0,368,40836,Proline-rich protein 5-like OS=Homo sapiens OX=9606 GN=PRR5L PE=1 SV=2,0.0001,0.1324,['24h']
Q6N069,79612.0,NAA16,sp|Q6N069|NAA16_HUMAN,Q6N069,864,101462,"N-alpha-acetyltransferase 16, NatA auxiliary subunit OS=Homo sapiens OX=9606 GN=NAA16 PE=1 SV=2",0.0002,0.0914,['01h']
Q6NUT3,126321.0,MFSD12,sp|Q6NUT3|MFS12_HUMAN,Q6NUT3,480,52075,Major facilitator superfamily domain-containing protein 12 OS=Homo sapiens OX=9606 GN=MFSD12 PE=1 SV=2,0.0001,0.1117,['01h']
Q6NXR4,80185.0,TTI2,sp|Q6NXR4|TTI2_HUMAN,Q6NXR4,508,56915,TELO2-interacting protein 2 OS=Homo sapiens OX=9606 GN=TTI2 PE=1 SV=1,0.0001,0.0789,['01h']
Q6NZ67,80097.0,MZT2B,sp|Q6NZ67|MZT2B_HUMAN,Q6NZ67,158,16226,Mitotic-spindle organizing protein 2B OS=Homo sapiens OX=9606 GN=MZT2B PE=1 SV=1,0.0008,0.6904,['24h']
Q6P0N0,55320.0,MIS18BP1,sp|Q6P0N0|M18BP_HUMAN,Q6P0N0,1132,129085,Mis18-binding protein 1 OS=Homo sapiens OX=9606 GN=MIS18BP1 PE=1 SV=1,0.0001,0.0447,"['mock', '01h']"
Q6P1J6,151056.0,PLB1,sp|Q6P1J6|PLB1_HUMAN,Q6P1J6,1458,163080,"Phospholipase B1, membrane-associated OS=Homo sapiens OX=9606 GN=PLB1 PE=1 SV=3",0.0114,0.0233,['01h']
Q6P3V2,199704.0,ZNF585A,sp|Q6P3V2|Z585A_HUMAN,Q6P3V2,769,87974,Zinc finger protein 585A OS=Homo sapiens OX=9606 GN=ZNF585A PE=2 SV=2,0.0014,0.0617,['48h']
Q6PIJ6,81545.0,FBXO38,sp|Q6PIJ6|FBX38_HUMAN,Q6PIJ6,1188,133944,F-box only protein 38 OS=Homo sapiens OX=9606 GN=FBXO38 PE=1 SV=3,0.0016,0.0447,['01h']
Q6PKX4,220164.0,DOK6,sp|Q6PKX4|DOK6_HUMAN,Q6PKX4,331,38318,Docking protein 6 OS=Homo sapiens OX=9606 GN=DOK6 PE=1 SV=1,0.0009,0.1482,['01h']
Q6R327,253260.0,RICTOR,sp|Q6R327|RICTR_HUMAN,Q6R327,1708,192216,Rapamycin-insensitive companion of mTOR OS=Homo sapiens OX=9606 GN=RICTOR PE=1 SV=1,0.0,0.0233,"['01h', 'mock']"
Q6XZF7,23268.0,DNMBP,sp|Q6XZF7|DNMBP_HUMAN,Q6XZF7,1577,177346,Dynamin-binding protein OS=Homo sapiens OX=9606 GN=DNMBP PE=1 SV=1,0.0001,0.0715,['01h']
Q6ZRS2,10847.0,SRCAP,sp|Q6ZRS2|SRCAP_HUMAN,Q6ZRS2,3230,343555,Helicase SRCAP OS=Homo sapiens OX=9606 GN=SRCAP PE=1 SV=3,0.0,0.0162,['01h']
Q6ZSR9,NA,NA,sp|Q6ZSR9|YJ005_HUMAN,Q6ZSR9,355,37976,Uncharacterized protein FLJ45252 OS=Homo sapiens OX=9606 PE=2 SV=2,0.0001,0.1246,['01h']
Q6ZSZ5,23370.0,ARHGEF18,sp|Q6ZSZ5|ARHGI_HUMAN,Q6ZSZ5,1361,151642,Rho guanine nucleotide exchange factor 18 OS=Homo sapiens OX=9606 GN=ARHGEF18 PE=1 SV=4,0.0001,0.0765,['01h']
Q6ZWH5,152110.0,NEK10,sp|Q6ZWH5|NEK10_HUMAN,Q6ZWH5,1172,133259,Serine/threonine-protein kinase Nek10 OS=Homo sapiens OX=9606 GN=NEK10 PE=1 SV=3,0.0001,0.0257,['48h']
Q71F23,79682.0,CENPU,sp|Q71F23|CENPU_HUMAN,Q71F23,418,47522,Centromere protein U OS=Homo sapiens OX=9606 GN=CENPU PE=1 SV=1,0.0001,0.0914,['01h']
Q71UM5,51065.0,RPS27L,sp|Q71UM5|RS27L_HUMAN,Q71UM5,84,9477,Ribosomal protein eS27-like OS=Homo sapiens OX=9606 GN=RPS27L PE=1 SV=3,0.0012,1.4044,"['48h', '24h']"
Q75QN2,55656.0,INTS8,sp|Q75QN2|INT8_HUMAN,Q75QN2,995,113088,Integrator complex subunit 8 OS=Homo sapiens OX=9606 GN=INTS8 PE=1 SV=1,0.0,0.052,['01h']
Q76FK4,55035.0,NOL8,sp|Q76FK4|NOL8_HUMAN,Q76FK4,1167,131616,Nucleolar protein 8 OS=Homo sapiens OX=9606 GN=NOL8 PE=1 SV=1,0.0001,0.0641,"['mock', '01h']"
Q76N89,23072.0,HECW1,sp|Q76N89|HECW1_HUMAN,Q76N89,1606,179553,E3 ubiquitin-protein ligase HECW1 OS=Homo sapiens OX=9606 GN=HECW1 PE=1 SV=3,0.0,0.028,['48h']
Q7LBC6,51780.0,KDM3B,sp|Q7LBC6|KDM3B_HUMAN,Q7LBC6,1761,191580,Lysine-specific demethylase 3B OS=Homo sapiens OX=9606 GN=KDM3B PE=1 SV=2,0.0001,0.052,['01h']
Q7Z3J3,285190.0,RGPD4,sp|Q7Z3J3|RGPD4_HUMAN,Q7Z3J3,1758,197287,RanBP2-like and GRIP domain-containing protein 4 OS=Homo sapiens OX=9606 GN=RGPD4 PE=2 SV=3,0.0002,0.1117,['01h']
Q7Z3V4,89910.0,UBE3B,sp|Q7Z3V4|UBE3B_HUMAN,Q7Z3V4,1068,123098,Ubiquitin-protein ligase E3B OS=Homo sapiens OX=9606 GN=UBE3B PE=1 SV=3,0.0001,0.0423,['mock']
Q7Z401,10260.0,DENND4A,sp|Q7Z401|MYCPP_HUMAN,Q7Z401,1863,209243,C-myc promoter-binding protein OS=Homo sapiens OX=9606 GN=DENND4A PE=1 SV=2,0.0002,0.0233,['01h']
Q7Z4L5,79809.0,TTC21B,sp|Q7Z4L5|TT21B_HUMAN,Q7Z4L5,1316,150936,Tetratricopeptide repeat protein 21B OS=Homo sapiens OX=9606 GN=TTC21B PE=1 SV=2,0.0002,0.099,['01h']
Q7Z5H3,58504.0,ARHGAP22,sp|Q7Z5H3|RHG22_HUMAN,Q7Z5H3,698,76779,Rho GTPase-activating protein 22 OS=Homo sapiens OX=9606 GN=ARHGAP22 PE=1 SV=1,0.0001,0.0328,['48h']
Q7Z6M4,130916.0,MTERF4,sp|Q7Z6M4|MTEF4_HUMAN,Q7Z6M4,381,43958,"Transcription termination factor 4, mitochondrial OS=Homo sapiens OX=9606 GN=MTERF4 PE=1 SV=3",0.0001,0.0691,['01h']
Q7Z7A1,11064.0,CNTRL,sp|Q7Z7A1|CNTRL_HUMAN,Q7Z7A1,2325,268883,Centriolin OS=Homo sapiens OX=9606 GN=CNTRL PE=1 SV=2,0.0004,0.0304,['mock']
Q7Z7L1,91607.0,SLFN11,sp|Q7Z7L1|SLN11_HUMAN,Q7Z7L1,901,102836,Schlafen family member 11 OS=Homo sapiens OX=9606 GN=SLFN11 PE=1 SV=2,0.0002,0.1143,['01h']
Q86SX6,51218.0,GLRX5,sp|Q86SX6|GLRX5_HUMAN,Q86SX6,157,16628,"Glutaredoxin-related protein 5, mitochondrial OS=Homo sapiens OX=9606 GN=GLRX5 PE=1 SV=2",0.0003,0.2274,['48h']
Q86TB9,219988.0,PATL1,sp|Q86TB9|PATL1_HUMAN,Q86TB9,770,86850,Protein PAT1 homolog 1 OS=Homo sapiens OX=9606 GN=PATL1 PE=1 SV=2,0.0001,0.0304,['01h']
Q86TD4,6345.0,SRL,sp|Q86TD4|SRCA_HUMAN,Q86TD4,473,54431,Sarcalumenin OS=Homo sapiens OX=9606 GN=SRL PE=1 SV=3,0.0003,0.0641,"['01h', 'mock']"
Q86UF2,340307.0,CTAGE6,sp|Q86UF2|CTGE6_HUMAN;sp|Q8IX94|CTGE4_HUMAN,Q86UF2;Q8IX94,777,87900,cTAGE family member 6 OS=Homo sapiens OX=9606 GN=CTAGE6 PE=2 SV=2,0.0002,0.074,['24h']
Q86UL8,9863.0,MAGI2,Reverse_sp|Q86UL8|MAGI2_HUMAN,Q86UL8,1455,158754,"Membrane-associated guanylate kinase, WW and PDZ domain-containing protein 2 OS=Homo sapiens OX=9606 GN=MAGI2 PE=1 SV=3",0.0001,0.052,['48h']
Q86US8,23293.0,SMG6,sp|Q86US8|EST1A_HUMAN,Q86US8,1419,160461,Telomerase-binding protein EST1A OS=Homo sapiens OX=9606 GN=SMG6 PE=1 SV=2,0.0001,0.0715,['01h']
Q86UU1,23187.0,PHLDB1,sp|Q86UU1|PHLB1_HUMAN,Q86UU1,1377,151161,Pleckstrin homology-like domain family B member 1 OS=Homo sapiens OX=9606 GN=PHLDB1 PE=1 SV=1,0.0001,0.0914,['01h']
Q86UV5,84196.0,USP48,sp|Q86UV5|UBP48_HUMAN,Q86UV5,1035,119032,Ubiquitin carboxyl-terminal hydrolase 48 OS=Homo sapiens OX=9606 GN=USP48 PE=1 SV=1,0.0001,0.0914,['01h']
Q86V85,160897.0,GPR180,sp|Q86V85|GP180_HUMAN,Q86V85,440,49395,Integral membrane protein GPR180 OS=Homo sapiens OX=9606 GN=GPR180 PE=2 SV=1,0.0002,0.0814,['01h']
Q86W92,8496.0,PPFIBP1,sp|Q86W92|LIPB1_HUMAN;sp|Q8ND30|LIPB2_HUMAN,Q86W92;Q8ND30,1011,114024,Liprin-beta-1 OS=Homo sapiens OX=9606 GN=PPFIBP1 PE=1 SV=2,0.0,0.028,['01h']
Q86WX3,91582.0,RPS19BP1,sp|Q86WX3|AROS_HUMAN,Q86WX3,136,15434,Active regulator of SIRT1 OS=Homo sapiens OX=9606 GN=RPS19BP1 PE=1 SV=1,0.0005,0.2474,"['24h', 'mock', '48h', '01h']"
Q86WZ6,7770.0,ZNF227,sp|Q86WZ6|ZN227_HUMAN,Q86WZ6,799,92033,Zinc finger protein 227 OS=Homo sapiens OX=9606 GN=ZNF227 PE=1 SV=1,0.0104,0.0328,['01h']
Q86XI2,54892.0,NCAPG2,sp|Q86XI2|CNDG2_HUMAN,Q86XI2,1143,130960,Condensin-2 complex subunit G2 OS=Homo sapiens OX=9606 GN=NCAPG2 PE=1 SV=1,0.0002,0.1272,['01h']
Q86Y13,9666.0,DZIP3,sp|Q86Y13|DZIP3_HUMAN,Q86Y13,1208,138604,E3 ubiquitin-protein ligase DZIP3 OS=Homo sapiens OX=9606 GN=DZIP3 PE=1 SV=2,0.0061,0.028,['48h']
Q86Y56,54919.0,DNAAF5,sp|Q86Y56|DAAF5_HUMAN,Q86Y56,855,93521,Dynein axonemal assembly factor 5 OS=Homo sapiens OX=9606 GN=DNAAF5 PE=1 SV=4,0.0001,0.052,['01h']
Q8IUC1,337880.0,KRTAP11-1,sp|Q8IUC1|KR111_HUMAN,Q8IUC1,163,17085,Keratin-associated protein 11-1 OS=Homo sapiens OX=9606 GN=KRTAP11-1 PE=1 SV=1,0.0005,0.1668,['mock']
Q8IUZ5,85007.0,PHYKPL,sp|Q8IUZ5|AT2L2_HUMAN,Q8IUZ5,450,49711,5-phosphohydroxy-L-lysine phospho-lyase OS=Homo sapiens OX=9606 GN=PHYKPL PE=1 SV=1,0.001,0.0691,['mock']
Q8IVF4,196385.0,DNAH10,Reverse_sp|Q8IVF4|DYH10_HUMAN,Q8IVF4,4471,514845,Dynein axonemal heavy chain 10 OS=Homo sapiens OX=9606 GN=DNAH10 PE=1 SV=4,0.0,0.0162,['01h']
Q8IVT2,126353.0,MISP,sp|Q8IVT2|MISP_HUMAN,Q8IVT2,679,75357,Mitotic interactor and substrate of PLK1 OS=Homo sapiens OX=9606 GN=MISP PE=1 SV=1,0.0001,0.0765,['01h']
Q8IVV7,79018.0,GID4,sp|Q8IVV7|GID4_HUMAN,Q8IVV7,300,33514,Glucose-induced degradation protein 4 homolog OS=Homo sapiens OX=9606 GN=GID4 PE=1 SV=1,0.0006,0.0889,['48h']
Q8IWA0,84128.0,WDR75,sp|Q8IWA0|WDR75_HUMAN,Q8IWA0,830,94499,WD repeat-containing protein 75 OS=Homo sapiens OX=9606 GN=WDR75 PE=1 SV=1,0.0001,0.0447,['01h']
Q8IWR0,29066.0,ZC3H7A,sp|Q8IWR0|Z3H7A_HUMAN,Q8IWR0,971,110538,Zinc finger CCCH domain-containing protein 7A OS=Homo sapiens OX=9606 GN=ZC3H7A PE=1 SV=1,0.0001,0.052,['01h']
Q8IX18,79665.0,DHX40,sp|Q8IX18|DHX40_HUMAN,Q8IX18,779,88560,Probable ATP-dependent RNA helicase DHX40 OS=Homo sapiens OX=9606 GN=DHX40 PE=1 SV=2,0.0001,0.052,['01h']
Q8IX30,222663.0,SCUBE3,sp|Q8IX30|SCUB3_HUMAN,Q8IX30,993,109283,"Signal peptide, CUB and EGF-like domain-containing protein 3 OS=Homo sapiens OX=9606 GN=SCUBE3 PE=1 SV=1",0.0075,0.0351,['24h']
Q8IY50,148641.0,SLC35F3,sp|Q8IY50|S35F3_HUMAN,Q8IY50,421,46817,Solute carrier family 35 member F3 OS=Homo sapiens OX=9606 GN=SLC35F3 PE=2 SV=2,0.0044,0.0789,['24h']
Q8IZ69,27037.0,TRMT2A,sp|Q8IZ69|TRM2A_HUMAN,Q8IZ69,625,68726,tRNA (uracil-5-)-methyltransferase homolog A OS=Homo sapiens OX=9606 GN=TRMT2A PE=1 SV=2,0.0001,0.0715,['01h']
Q8IZL8,27043.0,PELP1,sp|Q8IZL8|PELP1_HUMAN,Q8IZL8,1130,119700,"Proline-, glutamic acid- and leucine-rich protein 1 OS=Homo sapiens OX=9606 GN=PELP1 PE=1 SV=2",0.0,0.0447,['01h']
Q8N0Y7,441531.0,PGAM4,sp|Q8N0Y7|PGAM4_HUMAN,Q8N0Y7,254,28777,Probable phosphoglycerate mutase 4 OS=Homo sapiens OX=9606 GN=PGAM4 PE=3 SV=1,0.0005,0.3614,['24h']
Q8N122,57521.0,RPTOR,sp|Q8N122|RPTOR_HUMAN,Q8N122,1335,149037,Regulatory-associated protein of mTOR OS=Homo sapiens OX=9606 GN=RPTOR PE=1 SV=1,0.0001,0.052,['01h']
Q8N1G0,57592.0,ZNF687,Reverse_sp|Q8N1G0|ZN687_HUMAN,Q8N1G0,1237,129529,Zinc finger protein 687 OS=Homo sapiens OX=9606 GN=ZNF687 PE=1 SV=1,0.0001,0.0864,['01h']
Q8N1I0,9732.0,DOCK4,sp|Q8N1I0|DOCK4_HUMAN,Q8N1I0,1966,225204,Dedicator of cytokinesis protein 4 OS=Homo sapiens OX=9606 GN=DOCK4 PE=1 SV=3,0.0001,0.074,['01h']
Q8N3D4,254102.0,EHBP1L1,sp|Q8N3D4|EH1L1_HUMAN,Q8N3D4,1523,161854,EH domain-binding protein 1-like protein 1 OS=Homo sapiens OX=9606 GN=EHBP1L1 PE=1 SV=2,0.0001,0.1429,['01h']
Q8N3P4,23355.0,VPS8,sp|Q8N3P4|VPS8_HUMAN,Q8N3P4,1428,161753,Vacuolar protein sorting-associated protein 8 homolog OS=Homo sapiens OX=9606 GN=VPS8 PE=1 SV=3,0.0,0.0186,['01h']
Q8N442,60558.0,GUF1,sp|Q8N442|GUF1_HUMAN,Q8N442,669,74328,"Translation factor GUF1, mitochondrial OS=Homo sapiens OX=9606 GN=GUF1 PE=1 SV=1",0.0001,0.0814,['01h']
Q8N6Q8,84190.0,METTL25,sp|Q8N6Q8|MET25_HUMAN,Q8N6Q8,603,68213,Probable methyltransferase-like protein 25 OS=Homo sapiens OX=9606 GN=METTL25 PE=2 SV=2,0.0002,0.0351,['24h']
Q8N7X0,79747.0,ADGB,sp|Q8N7X0|ADGB_HUMAN,Q8N7X0,1667,189712,Androglobin OS=Homo sapiens OX=9606 GN=ADGB PE=2 SV=3,0.0002,0.0186,['01h']
Q8N7X1,139804.0,RBMXL3,sp|Q8N7X1|RMXL3_HUMAN,Q8N7X1,1067,114938,"RNA-binding motif protein, X-linked-like-3 OS=Homo sapiens OX=9606 GN=RBMXL3 PE=2 SV=2",0.0001,0.0691,"['24h', '01h', '48h']"
Q8N8A6,317781.0,DDX51,sp|Q8N8A6|DDX51_HUMAN,Q8N8A6,666,72457,ATP-dependent RNA helicase DDX51 OS=Homo sapiens OX=9606 GN=DDX51 PE=1 SV=3,0.0001,0.0568,['mock']
Q8N8V4,257629.0,ANKS4B,sp|Q8N8V4|ANS4B_HUMAN,Q8N8V4,417,46597,Ankyrin repeat and SAM domain-containing protein 4B OS=Homo sapiens OX=9606 GN=ANKS4B PE=1 SV=2,0.0005,0.0864,['01h']
Q8NCM8,79659.0,DYNC2H1,sp|Q8NCM8|DYHC2_HUMAN,Q8NCM8,4307,492627,Cytoplasmic dynein 2 heavy chain 1 OS=Homo sapiens OX=9606 GN=DYNC2H1 PE=1 SV=4,0.0002,0.0814,['01h']
Q8ND04,55181.0,SMG8,sp|Q8ND04|SMG8_HUMAN,Q8ND04,991,109684,Nonsense-mediated mRNA decay factor SMG8 OS=Homo sapiens OX=9606 GN=SMG8 PE=1 SV=1,0.0,0.0568,['01h']
Q8ND83,122060.0,SLAIN1,sp|Q8ND83|SLAI1_HUMAN,Q8ND83,568,60595,SLAIN motif-containing protein 1 OS=Homo sapiens OX=9606 GN=SLAIN1 PE=1 SV=3,0.0001,0.0495,['01h']
Q8NE22,133383.0,SETD9,Reverse_sp|Q8NE22|SETD9_HUMAN,Q8NE22,299,34095,SET domain-containing protein 9 OS=Homo sapiens OX=9606 GN=SETD9 PE=2 SV=2,0.0004,0.1041,['01h']
Q8NE35,22849.0,CPEB3,sp|Q8NE35|CPEB3_HUMAN,Q8NE35,698,76014,Cytoplasmic polyadenylation element-binding protein 3 OS=Homo sapiens OX=9606 GN=CPEB3 PE=1 SV=2,0.0001,0.0715,['01h']
Q8NEM2,79801.0,SHCBP1,sp|Q8NEM2|SHCBP_HUMAN,Q8NEM2,672,75691,SHC SH2 domain-binding protein 1 OS=Homo sapiens OX=9606 GN=SHCBP1 PE=1 SV=3,0.0001,0.0495,['01h']
Q8NEY1,89796.0,NAV1,sp|Q8NEY1|NAV1_HUMAN,Q8NEY1,1877,202470,Neuron navigator 1 OS=Homo sapiens OX=9606 GN=NAV1 PE=1 SV=2,0.0001,0.0889,['01h']
Q8NEZ4,58508.0,KMT2C,sp|Q8NEZ4|KMT2C_HUMAN,Q8NEZ4,4911,541376,Histone-lysine N-methyltransferase 2C OS=Homo sapiens OX=9606 GN=KMT2C PE=1 SV=3,0.0,0.0186,['24h']
Q8NEZ5,26263.0,FBXO22,Reverse_sp|Q8NEZ5|FBX22_HUMAN,Q8NEZ5,403,44508,F-box only protein 22 OS=Homo sapiens OX=9606 GN=FBXO22 PE=1 SV=1,0.0001,0.0715,['48h']
Q8NHW5,NA,NA,sp|Q8NHW5|RLA0L_HUMAN,Q8NHW5,317,34364,Putative ribosomal protein uL10-like OS=Homo sapiens OX=9606 GN=RPLP0P6 PE=5 SV=1,0.0021,0.9953,['01h']
Q8TB36,54332.0,GDAP1,sp|Q8TB36|GDAP1_HUMAN,Q8TB36,358,41346,Ganglioside-induced differentiation-associated protein 1 OS=Homo sapiens OX=9606 GN=GDAP1 PE=1 SV=3,0.0003,0.074,"['48h', '01h']"
Q8TD47,140032.0,RPS4Y2,sp|Q8TD47|RS4Y2_HUMAN,Q8TD47,263,29295,"Small ribosomal subunit protein eS4, Y isoform 2 OS=Homo sapiens OX=9606 GN=RPS4Y2 PE=2 SV=3",0.0005,0.4191,['24h']
Q8TEW0,56288.0,PARD3,sp|Q8TEW0|PARD3_HUMAN,Q8TEW0,1356,151422,Partitioning defective 3 homolog OS=Homo sapiens OX=9606 GN=PARD3 PE=1 SV=2,0.0001,0.0544,['01h']
Q8TF72,57619.0,SHROOM3,sp|Q8TF72|SHRM3_HUMAN,Q8TF72,1996,216856,Protein Shroom3 OS=Homo sapiens OX=9606 GN=SHROOM3 PE=1 SV=2,0.0002,0.0257,['48h']
Q8WUM0,55746.0,NUP133,sp|Q8WUM0|NU133_HUMAN,Q8WUM0,1156,128979,Nuclear pore complex protein Nup133 OS=Homo sapiens OX=9606 GN=NUP133 PE=1 SV=2,0.0029,0.0186,['48h']
Q8WVH0,594855.0,CPLX3,sp|Q8WVH0|CPLX3_HUMAN,Q8WVH0,158,17557,Complexin-3 OS=Homo sapiens OX=9606 GN=CPLX3 PE=2 SV=1,0.0375,0.1561,['24h']
Q8WVJ2,134492.0,NUDCD2,sp|Q8WVJ2|NUDC2_HUMAN,Q8WVJ2,157,17676,NudC domain-containing protein 2 OS=Homo sapiens OX=9606 GN=NUDCD2 PE=1 SV=1,0.0007,0.3397,['48h']
Q8WVK7,348235.0,SKA2,Reverse_sp|Q8WVK7|SKA2_HUMAN,Q8WVK7,121,14188,Spindle and kinetochore-associated protein 2 OS=Homo sapiens OX=9606 GN=SKA2 PE=1 SV=1,0.0007,0.2106,['01h']
Q8WWK9,26586.0,CKAP2,sp|Q8WWK9|CKAP2_HUMAN,Q8WWK9,683,76987,Cytoskeleton-associated protein 2 OS=Homo sapiens OX=9606 GN=CKAP2 PE=1 SV=1,0.0001,0.0447,['mock']
Q8WXH0,23224.0,SYNE2,sp|Q8WXH0|SYNE2_HUMAN,Q8WXH0,6885,796457,Nesprin-2 OS=Homo sapiens OX=9606 GN=SYNE2 PE=1 SV=3,0.0017,0.0046,"['24h', '01h']"
Q8WYB5,23522.0,KAT6B,Reverse_sp|Q8WYB5|KAT6B_HUMAN,Q8WYB5,2073,231376,Histone acetyltransferase KAT6B OS=Homo sapiens OX=9606 GN=KAT6B PE=1 SV=3,0.0,0.0375,['24h']
Q8WZ42,7273.0,TTN,sp|Q8WZ42|TITIN_HUMAN,Q8WZ42,34350,3815922,Titin OS=Homo sapiens OX=9606 GN=TTN PE=1 SV=4,0.0,0.0093,"['01h', 'mock']"
Q92540,9887.0,SMG7,sp|Q92540|SMG7_HUMAN,Q92540,1137,127282,Nonsense-mediated mRNA decay factor SMG7 OS=Homo sapiens OX=9606 GN=SMG7 PE=1 SV=2,0.0,0.0233,['01h']
Q92544,9777.0,TM9SF4,sp|Q92544|TM9S4_HUMAN,Q92544,642,74519,Transmembrane 9 superfamily member 4 OS=Homo sapiens OX=9606 GN=TM9SF4 PE=1 SV=2,0.0001,0.1722,['01h']
Q92621,23165.0,NUP205,sp|Q92621|NU205_HUMAN,Q92621,2012,227919,Nuclear pore complex protein Nup205 OS=Homo sapiens OX=9606 GN=NUP205 PE=1 SV=3,0.0001,0.0304,['01h']
Q92769,3066.0,HDAC2,sp|Q92769|HDAC2_HUMAN,Q92769,488,55364,Histone deacetylase 2 OS=Homo sapiens OX=9606 GN=HDAC2 PE=1 SV=2,0.0003,0.1803,['01h']
Q92890,7353.0,UFD1,sp|Q92890|UFD1_HUMAN,Q92890,307,34500,Ubiquitin recognition factor in ER-associated degradation protein 1 OS=Homo sapiens OX=9606 GN=UFD1 PE=1 SV=3,0.0002,0.094,['48h']
Q92928,NA,NA,sp|Q92928|RAB1C_HUMAN,Q92928,201,22017,Putative Ras-related protein Rab-1C OS=Homo sapiens OX=9606 GN=RAB1C PE=5 SV=2,0.0025,0.7539,"['24h', '01h']"
Q92935,2134.0,EXTL1,sp|Q92935|EXTL1_HUMAN,Q92935,676,74697,Exostosin-like 1 OS=Homo sapiens OX=9606 GN=EXTL1 PE=1 SV=2,0.0001,0.0641,['24h']
Q96A32,29895.0,MYLPF,sp|Q96A32|MYL11_HUMAN,Q96A32,169,19015,Myosin regulatory light chain 11 OS=Homo sapiens OX=9606 GN=MYL11 PE=1 SV=1,0.0016,0.1455,"['01h', 'mock']"
Q96BD0,28231.0,SLCO4A1,sp|Q96BD0|SO4A1_HUMAN,Q96BD0,722,77193,Solute carrier organic anion transporter family member 4A1 OS=Homo sapiens OX=9606 GN=SLCO4A1 PE=1 SV=2,0.0001,0.0617,['01h']
Q96C92,10807.0,ENTR1,sp|Q96C92|ENTR1_HUMAN,Q96C92,435,47961,Endosome-associated-trafficking regulator 1 OS=Homo sapiens OX=9606 GN=ENTR1 PE=1 SV=3,0.0122,0.135,['48h']
Q96CN9,79571.0,GCC1,Reverse_sp|Q96CN9|GCC1_HUMAN,Q96CN9,775,87811,GRIP and coiled-coil domain-containing protein 1 OS=Homo sapiens OX=9606 GN=GCC1 PE=1 SV=1,0.0003,0.0399,['mock']
Q96DE5,119504.0,ANAPC16,sp|Q96DE5|APC16_HUMAN,Q96DE5,110,11667,Anaphase-promoting complex subunit 16 OS=Homo sapiens OX=9606 GN=ANAPC16 PE=1 SV=1,0.0004,0.3397,['24h']
Q96DI7,9410.0,SNRNP40,sp|Q96DI7|SNR40_HUMAN,Q96DI7,357,39311,U5 small nuclear ribonucleoprotein 40 kDa protein OS=Homo sapiens OX=9606 GN=SNRNP40 PE=1 SV=1,0.0003,0.1535,"['24h', '48h']"
Q96DV4,64978.0,MRPL38,Reverse_sp|Q96DV4|RM38_HUMAN,Q96DV4,380,44597,Large ribosomal subunit protein mL38 OS=Homo sapiens OX=9606 GN=MRPL38 PE=1 SV=2,0.0002,0.0814,['24h']
Q96EH3,115416.0,MALSU1,sp|Q96EH3|MASU1_HUMAN,Q96EH3,234,26170,Mitochondrial assembly of ribosomal large subunit protein 1 OS=Homo sapiens OX=9606 GN=MALSU1 PE=1 SV=1,0.0315,0.1246,['48h']
Q96FN4,221184.0,CPNE2,sp|Q96FN4|CPNE2_HUMAN,Q96FN4,548,61190,Copine-2 OS=Homo sapiens OX=9606 GN=CPNE2 PE=1 SV=3,0.0002,0.1117,['01h']
Q96GM5,6602.0,SMARCD1,sp|Q96GM5|SMRD1_HUMAN,Q96GM5,515,58233,SWI/SNF-related matrix-associated actin-dependent regulator of chromatin subfamily D member 1 OS=Homo sapiens OX=9606 GN=SMARCD1 PE=1 SV=2,0.0002,0.1376,['01h']
Q96GR2,23205.0,ACSBG1,sp|Q96GR2|ACBG1_HUMAN,Q96GR2,724,81290,Long-chain-fatty-acid--CoA ligase ACSBG1 OS=Homo sapiens OX=9606 GN=ACSBG1 PE=1 SV=2,0.0001,0.0399,['48h']
Q96H20,11267.0,SNF8,sp|Q96H20|SNF8_HUMAN,Q96H20,258,28864,Vacuolar-sorting protein SNF8 OS=Homo sapiens OX=9606 GN=SNF8 PE=1 SV=1,0.0002,0.1143,"['24h', 'mock']"
Q96HP0,57572.0,DOCK6,sp|Q96HP0|DOCK6_HUMAN,Q96HP0,2047,229556,Dedicator of cytokinesis protein 6 OS=Homo sapiens OX=9606 GN=DOCK6 PE=1 SV=3,0.0001,0.0495,['01h']
Q96HW7,92105.0,INTS4,sp|Q96HW7|INT4_HUMAN,Q96HW7,963,108171,Integrator complex subunit 4 OS=Homo sapiens OX=9606 GN=INTS4 PE=1 SV=2,0.0001,0.1117,['01h']
Q96JH7,80124.0,VCPIP1,sp|Q96JH7|VCIP1_HUMAN,Q96JH7,1222,134320,Deubiquitinating protein VCPIP1 OS=Homo sapiens OX=9606 GN=VCPIP1 PE=1 SV=2,0.0,0.0257,['01h']
Q96KC8,64215.0,DNAJC1,sp|Q96KC8|DNJC1_HUMAN,Q96KC8,554,63883,DnaJ homolog subfamily C member 1 OS=Homo sapiens OX=9606 GN=DNAJC1 PE=1 SV=1,0.0002,0.1858,['01h']
Q96KS0,112398.0,EGLN2,sp|Q96KS0|EGLN2_HUMAN,Q96KS0,407,43650,Prolyl hydroxylase EGLN2 OS=Homo sapiens OX=9606 GN=EGLN2 PE=1 SV=1,0.0001,0.0641,['mock']
Q96L14,NA,NA,sp|Q96L14|C170L_HUMAN,Q96L14,293,32648,Cep170-like protein OS=Homo sapiens OX=9606 GN=CEP170P1 PE=5 SV=2,0.0005,0.39,['01h']
Q96L93,55614.0,KIF16B,Reverse_sp|Q96L93|KI16B_HUMAN,Q96L93,1317,152011,Kinesin-like protein KIF16B OS=Homo sapiens OX=9606 GN=KIF16B PE=1 SV=2,0.0007,0.0399,['mock']
Q96M86,144132.0,DNHD1,sp|Q96M86|DNHD1_HUMAN,Q96M86,4753,533650,Dynein heavy chain domain-containing protein 1 OS=Homo sapiens OX=9606 GN=DNHD1 PE=1 SV=2,0.0,0.0162,['24h']
Q96ME1,NA,NA,sp|Q96ME1|FXL18_HUMAN,Q96ME1,718,78919,F-box/LRR-repeat protein 18 OS=Homo sapiens OX=9606 GN=FBXL18 PE=1 SV=3,0.0001,0.0765,['01h']
Q96N11,79034.0,INTS15,sp|Q96N11|INT15_HUMAN,Q96N11,449,50047,Integrator complex subunit 15 OS=Homo sapiens OX=9606 GN=INTS15 PE=2 SV=1,0.0001,0.1092,['01h']
Q96PI1,163778.0,SPRR4,sp|Q96PI1|SPRR4_HUMAN,Q96PI1,79,8793,Small proline-rich protein 4 OS=Homo sapiens OX=9606 GN=SPRR4 PE=2 SV=1,0.0032,0.6406,['mock']
Q96PV4,114824.0,PNMA5,Reverse_sp|Q96PV4|PNMA5_HUMAN,Q96PV4,448,49934,Paraneoplastic antigen-like protein 5 OS=Homo sapiens OX=9606 GN=PNMA5 PE=1 SV=2,0.0002,0.0691,['24h']
Q96QP1,80216.0,ALPK1,sp|Q96QP1|ALPK1_HUMAN,Q96QP1,1244,138861,Alpha-protein kinase 1 OS=Homo sapiens OX=9606 GN=ALPK1 PE=1 SV=3,0.0001,0.0328,['24h']
Q96RS0,96764.0,TGS1,sp|Q96RS0|TGS1_HUMAN,Q96RS0,853,96620,Trimethylguanosine synthase OS=Homo sapiens OX=9606 GN=TGS1 PE=1 SV=3,0.0001,0.1041,['01h']
Q96RT8,114791.0,TUBGCP5,sp|Q96RT8|GCP5_HUMAN,Q96RT8,1024,118321,Gamma-tubulin complex component 5 OS=Homo sapiens OX=9606 GN=TUBGCP5 PE=1 SV=1,0.0001,0.0789,['01h']
Q96S38,26750.0,RPS6KC1,sp|Q96S38|KS6C1_HUMAN,Q96S38,1066,118682,Ribosomal protein S6 kinase delta-1 OS=Homo sapiens OX=9606 GN=RPS6KC1 PE=1 SV=2,0.0018,0.0351,['01h']
Q96SF7,6913.0,TBX15,Reverse_sp|Q96SF7|TBX15_HUMAN,Q96SF7,602,65758,T-box transcription factor TBX15 OS=Homo sapiens OX=9606 GN=TBX15 PE=1 SV=2,0.0001,0.0544,['24h']
Q96T21,79048.0,SECISBP2,sp|Q96T21|SEBP2_HUMAN,Q96T21,854,95462,Selenocysteine insertion sequence-binding protein 2 OS=Homo sapiens OX=9606 GN=SECISBP2 PE=1 SV=2,0.0001,0.1066,['01h']
Q96T51,80230.0,RUFY1,sp|Q96T51|RUFY1_HUMAN,Q96T51,708,79818,RUN and FYVE domain-containing protein 1 OS=Homo sapiens OX=9606 GN=RUFY1 PE=1 SV=2,0.0001,0.0399,['01h']
Q96T76,64210.0,MMS19,sp|Q96T76|MMS19_HUMAN,Q96T76,1030,113289,MMS19 nucleotide excision repair protein homolog OS=Homo sapiens OX=9606 GN=MMS19 PE=1 SV=2,0.0,0.0399,['01h']
Q99543,27000.0,DNAJC2,sp|Q99543|DNJC2_HUMAN,Q99543,621,71996,DnaJ homolog subfamily C member 2 OS=Homo sapiens OX=9606 GN=DNAJC2 PE=1 SV=4,0.0002,0.1912,['24h']
Q99570,30849.0,PIK3R4,sp|Q99570|PI3R4_HUMAN,Q99570,1358,153103,Phosphoinositide 3-kinase regulatory subunit 4 OS=Homo sapiens OX=9606 GN=PIK3R4 PE=1 SV=3,0.0002,0.1455,['01h']
Q99627,10920.0,COPS8,sp|Q99627|CSN8_HUMAN,Q99627,209,23226,COP9 signalosome complex subunit 8 OS=Homo sapiens OX=9606 GN=COPS8 PE=1 SV=1,0.0002,0.1803,['24h']
Q99962,6456.0,SH3GL2,sp|Q99962|SH3G2_HUMAN,Q99962,352,39962,Endophilin-A1 OS=Homo sapiens OX=9606 GN=SH3GL2 PE=1 SV=1,0.0005,0.2162,"['48h', '01h']"
Q99986,7443.0,VRK1,sp|Q99986|VRK1_HUMAN,Q99986,396,45476,Serine/threonine-protein kinase VRK1 OS=Homo sapiens OX=9606 GN=VRK1 PE=1 SV=1,0.0001,0.0914,['24h']
Q9BPZ3,51247.0,PAIP2,sp|Q9BPZ3|PAIP2_HUMAN,Q9BPZ3,127,14984,Polyadenylate-binding protein-interacting protein 2 OS=Homo sapiens OX=9606 GN=PAIP2 PE=1 SV=1,0.0003,0.2882,['24h']
Q9BQ70,22980.0,TCF25,sp|Q9BQ70|TCF25_HUMAN,Q9BQ70,676,76667,Ribosome quality control complex subunit TCF25 OS=Homo sapiens OX=9606 GN=TCF25 PE=1 SV=1,0.0001,0.0666,['01h']
Q9BQS8,79443.0,FYCO1,sp|Q9BQS8|FYCO1_HUMAN,Q9BQS8,1478,166982,FYVE and coiled-coil domain-containing protein 1 OS=Homo sapiens OX=9606 GN=FYCO1 PE=1 SV=3,0.0001,0.0257,['mock']
Q9BRX2,53918.0,PELO,sp|Q9BRX2|PELO_HUMAN,Q9BRX2,385,43359,Protein pelota homolog OS=Homo sapiens OX=9606 GN=PELO PE=1 SV=2,0.0005,0.2417,"['24h', '01h']"
Q9BUI4,10623.0,POLR3C,sp|Q9BUI4|RPC3_HUMAN,Q9BUI4,534,60612,DNA-directed RNA polymerase III subunit RPC3 OS=Homo sapiens OX=9606 GN=POLR3C PE=1 SV=1,0.0001,0.0765,['24h']
Q9BUN8,79139.0,DERL1,sp|Q9BUN8|DERL1_HUMAN,Q9BUN8,251,28801,Derlin-1 OS=Homo sapiens OX=9606 GN=DERL1 PE=1 SV=1,0.088,0.1066,['48h']
Q9BV94,55741.0,EDEM2,sp|Q9BV94|EDEM2_HUMAN,Q9BV94,578,64753,ER degradation-enhancing alpha-mannosidase-like protein 2 OS=Homo sapiens OX=9606 GN=EDEM2 PE=1 SV=2,0.005,0.0328,"['mock', '24h']"
Q9BX26,10388.0,SYCP2,sp|Q9BX26|SYCP2_HUMAN,Q9BX26,1530,175638,Synaptonemal complex protein 2 OS=Homo sapiens OX=9606 GN=SYCP2 PE=2 SV=2,0.0049,0.0209,['24h']
Q9BX40,149986.0,LSM14B,sp|Q9BX40|LS14B_HUMAN,Q9BX40,385,42071,Protein LSM14 homolog B OS=Homo sapiens OX=9606 GN=LSM14B PE=1 SV=1,0.0002,0.0691,['48h']
Q9BXB5,114884.0,OSBPL10,sp|Q9BXB5|OSB10_HUMAN,Q9BXB5,764,83970,Oxysterol-binding protein-related protein 10 OS=Homo sapiens OX=9606 GN=OSBPL10 PE=1 SV=2,0.0002,0.099,['01h']
Q9BY89,85379.0,KIAA1671,sp|Q9BY89|K1671_HUMAN,Q9BY89,1806,196710,Uncharacterized protein KIAA1671 OS=Homo sapiens OX=9606 GN=KIAA1671 PE=1 SV=2,0.0,0.0423,['01h']
Q9BYC2,64064.0,OXCT2,sp|Q9BYC2|SCOT2_HUMAN,Q9BYC2,517,56140,"Succinyl-CoA:3-ketoacid coenzyme A transferase 2, mitochondrial OS=Homo sapiens OX=9606 GN=OXCT2 PE=2 SV=2",0.0142,0.0789,['48h']
Q9C029,81786.0,TRIM7,sp|Q9C029|TRIM7_HUMAN,Q9C029,511,56631,E3 ubiquitin-protein ligase TRIM7 OS=Homo sapiens OX=9606 GN=TRIM7 PE=1 SV=2,0.0024,0.0423,['01h']
Q9H019,56181.0,MTFR1L,sp|Q9H019|MFR1L_HUMAN,Q9H019,292,31957,Mitochondrial fission regulator 1-like OS=Homo sapiens OX=9606 GN=MTFR1L PE=1 SV=2,0.0001,0.1092,['24h']
Q9H0M0,11059.0,WWP1,sp|Q9H0M0|WWP1_HUMAN,Q9H0M0,922,105202,NEDD4-like E3 ubiquitin-protein ligase WWP1 OS=Homo sapiens OX=9606 GN=WWP1 PE=1 SV=1,0.0001,0.0593,['01h']
Q9H147,116092.0,DNTTIP1,sp|Q9H147|TDIF1_HUMAN,Q9H147,329,37013,Deoxynucleotidyltransferase terminal-interacting protein 1 OS=Homo sapiens OX=9606 GN=DNTTIP1 PE=1 SV=2,0.0004,0.1749,['01h']
Q9H1I8,84164.0,ASCC2,sp|Q9H1I8|ASCC2_HUMAN,Q9H1I8,757,86360,Activating signal cointegrator 1 complex subunit 2 OS=Homo sapiens OX=9606 GN=ASCC2 PE=1 SV=3,0.0001,0.0715,"['01h', '48h']"
Q9H2V7,83985.0,SPNS1,sp|Q9H2V7|SPNS1_HUMAN,Q9H2V7,528,56630,Protein spinster homolog 1 OS=Homo sapiens OX=9606 GN=SPNS1 PE=1 SV=1,0.0003,0.0641,['01h']
Q9H3C7,79893.0,GGNBP2,sp|Q9H3C7|GGNB2_HUMAN,Q9H3C7,697,79087,Gametogenetin-binding protein 2 OS=Homo sapiens OX=9606 GN=GGNBP2 PE=1 SV=1,0.0001,0.0715,['01h']
Q9H4G0,2036.0,EPB41L1,sp|Q9H4G0|E41L1_HUMAN,Q9H4G0,881,98503,Band 4.1-like protein 1 OS=Homo sapiens OX=9606 GN=EPB41L1 PE=1 SV=2,0.0043,0.0257,['48h']
Q9H4H8,81610.0,FAM83D,sp|Q9H4H8|FA83D_HUMAN,Q9H4H8,585,64425,Protein FAM83D OS=Homo sapiens OX=9606 GN=FAM83D PE=1 SV=3,0.0001,0.0914,['01h']
Q9H582,84146.0,ZNF644,sp|Q9H582|ZN644_HUMAN,Q9H582,1327,149565,Zinc finger protein 644 OS=Homo sapiens OX=9606 GN=ZNF644 PE=1 SV=2,0.0013,0.0328,['mock']
Q9H5I1,79723.0,SUV39H2,sp|Q9H5I1|SUV92_HUMAN,Q9H5I1,410,46682,Histone-lysine N-methyltransferase SUV39H2 OS=Homo sapiens OX=9606 GN=SUV39H2 PE=1 SV=2,0.1116,0.052,['24h']
Q9H6S0,64848.0,YTHDC2,sp|Q9H6S0|YTDC2_HUMAN,Q9H6S0,1430,160248,3'-5' RNA helicase YTHDC2 OS=Homo sapiens OX=9606 GN=YTHDC2 PE=1 SV=2,0.0002,0.1324,['01h']
Q9H6W3,79697.0,RIOX1,sp|Q9H6W3|RIOX1_HUMAN,Q9H6W3,641,71086,Ribosomal oxygenase 1 OS=Homo sapiens OX=9606 GN=RIOX1 PE=1 SV=2,0.0002,0.2445,"['mock', '01h']"
Q9H7D7,80232.0,WDR26,sp|Q9H7D7|WDR26_HUMAN,Q9H7D7,661,72124,WD repeat-containing protein 26 OS=Homo sapiens OX=9606 GN=WDR26 PE=1 SV=3,0.0001,0.0715,['01h']
Q9H7Z3,55051.0,NRDE2,sp|Q9H7Z3|NRDE2_HUMAN,Q9H7Z3,1164,132673,Nuclear exosome regulator NRDE2 OS=Homo sapiens OX=9606 GN=NRDE2 PE=1 SV=3,0.0001,0.0641,['01h']
Q9H9A6,55631.0,LRRC40,sp|Q9H9A6|LRC40_HUMAN,Q9H9A6,602,68250,Leucine-rich repeat-containing protein 40 OS=Homo sapiens OX=9606 GN=LRRC40 PE=1 SV=1,0.0001,0.0789,['01h']
Q9HB96,2178.0,FANCE,Reverse_sp|Q9HB96|FANCE_HUMAN,Q9HB96,536,58711,Fanconi anemia group E protein OS=Homo sapiens OX=9606 GN=FANCE PE=1 SV=1,0.0005,0.0715,['mock']
Q9HBE1,23598.0,PATZ1,sp|Q9HBE1|PATZ1_HUMAN,Q9HBE1,687,74060,"POZ-, AT hook-, and zinc finger-containing protein 1 OS=Homo sapiens OX=9606 GN=PATZ1 PE=1 SV=1",0.0001,0.0617,['01h']
Q9HBM1,57405.0,SPC25,sp|Q9HBM1|SPC25_HUMAN,Q9HBM1,224,26153,Kinetochore protein Spc25 OS=Homo sapiens OX=9606 GN=SPC25 PE=1 SV=1,0.0002,0.2531,['24h']
Q9HCD6,26115.0,TANC2,sp|Q9HCD6|TANC2_HUMAN,Q9HCD6,1990,219647,Protein TANC2 OS=Homo sapiens OX=9606 GN=TANC2 PE=1 SV=3,0.0001,0.0375,['01h']
Q9HCX4,57113.0,TRPC7,sp|Q9HCX4|TRPC7_HUMAN,Q9HCX4,862,99562,Short transient receptor potential channel 7 OS=Homo sapiens OX=9606 GN=TRPC7 PE=1 SV=1,0.0022,0.0209,['01h']
Q9HD45,56889.0,TM9SF3,sp|Q9HD45|TM9S3_HUMAN,Q9HD45,589,67888,Transmembrane 9 superfamily member 3 OS=Homo sapiens OX=9606 GN=TM9SF3 PE=1 SV=2,0.0001,0.0447,['01h']
Q9HD67,4651.0,MYO10,sp|Q9HD67|MYO10_HUMAN,Q9HD67,2058,237345,Unconventional myosin-X OS=Homo sapiens OX=9606 GN=MYO10 PE=1 SV=3,0.0002,0.0617,['24h']
Q9NP77,29101.0,SSU72,sp|Q9NP77|SSU72_HUMAN,Q9NP77,194,22574,RNA polymerase II subunit A C-terminal domain phosphatase SSU72 OS=Homo sapiens OX=9606 GN=SSU72 PE=1 SV=1,0.0003,0.1535,"['01h', '48h', '24h']"
Q9NQU5,56924.0,PAK6,sp|Q9NQU5|PAK6_HUMAN,Q9NQU5,681,74869,Serine/threonine-protein kinase PAK 6 OS=Homo sapiens OX=9606 GN=PAK6 PE=1 SV=1,0.0036,0.0447,"['01h', '01h']"
Q9NQU5,56924.0,BUB1B-PAK6,sp|Q9NQU5|PAK6_HUMAN,Q9NQU5,681,74869,Serine/threonine-protein kinase PAK 6 OS=Homo sapiens OX=9606 GN=PAK6 PE=1 SV=1,0.0036,0.0447,"['01h', '01h']"
Q9NQU5,106821730.0,PAK6,sp|Q9NQU5|PAK6_HUMAN,Q9NQU5,681,74869,Serine/threonine-protein kinase PAK 6 OS=Homo sapiens OX=9606 GN=PAK6 PE=1 SV=1,0.0036,0.0447,"['01h', '01h']"
Q9NQU5,106821730.0,BUB1B-PAK6,sp|Q9NQU5|PAK6_HUMAN,Q9NQU5,681,74869,Serine/threonine-protein kinase PAK 6 OS=Homo sapiens OX=9606 GN=PAK6 PE=1 SV=1,0.0036,0.0447,"['01h', '01h']"
Q9NR09,57448.0,BIRC6,sp|Q9NR09|BIRC6_HUMAN,Q9NR09,4857,530274,Baculoviral IAP repeat-containing protein 6 OS=Homo sapiens OX=9606 GN=BIRC6 PE=1 SV=3,0.0,0.0186,['24h']
Q9NR12,9260.0,PDLIM7,sp|Q9NR12|PDLI7_HUMAN,Q9NR12,457,49845,PDZ and LIM domain protein 7 OS=Homo sapiens OX=9606 GN=PDLIM7 PE=1 SV=1,0.0002,0.1169,"['01h', '24h']"
Q9NR31,56681.0,SAR1A,sp|Q9NR31|SAR1A_HUMAN;sp|Q9Y6B6|SAR1B_HUMAN,Q9NR31;Q9Y6B6,198,22367,GTP-binding protein SAR1a OS=Homo sapiens OX=9606 GN=SAR1A PE=1 SV=1,0.0004,0.1376,"['24h', 'mock']"
Q9NR50,8891.0,EIF2B3,sp|Q9NR50|EI2BG_HUMAN,Q9NR50,452,50240,Translation initiation factor eIF-2B subunit gamma OS=Homo sapiens OX=9606 GN=EIF2B3 PE=1 SV=1,0.0001,0.074,['01h']
Q9NRG9,8086.0,AAAS,sp|Q9NRG9|AAAS_HUMAN,Q9NRG9,546,59574,Aladin OS=Homo sapiens OX=9606 GN=AAAS PE=1 SV=1,0.0001,0.0914,['01h']
Q9NRR4,29102.0,DROSHA,sp|Q9NRR4|RNC_HUMAN,Q9NRR4,1374,159315,Ribonuclease 3 OS=Homo sapiens OX=9606 GN=DROSHA PE=1 SV=2,0.0001,0.0666,['mock']
Q9NT68,57451.0,TENM2,sp|Q9NT68|TEN2_HUMAN,Q9NT68,2774,307787,Teneurin-2 OS=Homo sapiens OX=9606 GN=TENM2 PE=1 SV=3,0.0001,0.0304,['mock']
Q9NUY8,55773.0,TBC1D23,sp|Q9NUY8|TBC23_HUMAN,Q9NUY8,699,78322,TBC1 domain family member 23 OS=Homo sapiens OX=9606 GN=TBC1D23 PE=1 SV=3,0.0001,0.1117,['01h']
Q9NV96,55754.0,TMEM30A,sp|Q9NV96|CC50A_HUMAN,Q9NV96,361,40684,Cell cycle control protein 50A OS=Homo sapiens OX=9606 GN=TMEM30A PE=1 SV=1,0.0002,0.2331,['01h']
Q9NVH2,25896.0,INTS7,sp|Q9NVH2|INT7_HUMAN,Q9NVH2,962,106834,Integrator complex subunit 7 OS=Homo sapiens OX=9606 GN=INTS7 PE=1 SV=1,0.0001,0.0691,['01h']
Q9NVU0,55718.0,POLR3E,sp|Q9NVU0|RPC5_HUMAN,Q9NVU0,708,79898,DNA-directed RNA polymerase III subunit RPC5 OS=Homo sapiens OX=9606 GN=POLR3E PE=1 SV=1,0.0001,0.099,['01h']
Q9NWS0,55011.0,PIH1D1,sp|Q9NWS0|PIHD1_HUMAN,Q9NWS0,290,32363,PIH1 domain-containing protein 1 OS=Homo sapiens OX=9606 GN=PIH1D1 PE=1 SV=1,0.0007,0.5101,['24h']
Q9NXR1,54820.0,NDE1,sp|Q9NXR1|NDE1_HUMAN,Q9NXR1,335,37721,Nuclear distribution protein nudE homolog 1 OS=Homo sapiens OX=9606 GN=NDE1 PE=1 SV=3,0.0011,0.3996,"['01h', '24h']"
Q9NYB0,54386.0,TERF2IP,sp|Q9NYB0|TE2IP_HUMAN,Q9NYB0,399,44260,Telomeric repeat-binding factor 2-interacting protein 1 OS=Homo sapiens OX=9606 GN=TERF2IP PE=1 SV=1,0.0001,0.1041,['01h']
Q9NYL2,51776.0,MAP3K20,sp|Q9NYL2|M3K20_HUMAN,Q9NYL2,800,91155,Mitogen-activated protein kinase kinase kinase 20 OS=Homo sapiens OX=9606 GN=MAP3K20 PE=1 SV=3,0.0001,0.0447,['01h']
Q9NZ43,55850.0,USE1,sp|Q9NZ43|USE1_HUMAN,Q9NZ43,259,29371,Vesicle transport protein USE1 OS=Homo sapiens OX=9606 GN=USE1 PE=1 SV=2,0.0128,0.1324,['48h']
Q9NZ56,56776.0,FMN2,sp|Q9NZ56|FMN2_HUMAN,Q9NZ56,1722,180105,Formin-2 OS=Homo sapiens OX=9606 GN=FMN2 PE=1 SV=4,0.0001,0.0351,['mock']
Q9NZR2,53353.0,LRP1B,sp|Q9NZR2|LRP1B_HUMAN,Q9NZR2,4599,515501,Low-density lipoprotein receptor-related protein 1B OS=Homo sapiens OX=9606 GN=LRP1B PE=1 SV=2,0.0004,0.0046,['mock']
Q9P0S2,51241.0,COX16,sp|Q9P0S2|COX16_HUMAN,Q9P0S2,106,12293,"Cytochrome c oxidase assembly protein COX16 homolog, mitochondrial OS=Homo sapiens OX=9606 GN=COX16 PE=1 SV=1",0.0501,0.2706,['48h']
Q9P0V3,23677.0,SH3BP4,sp|Q9P0V3|SH3B4_HUMAN,Q9P0V3,963,107496,SH3 domain-binding protein 4 OS=Homo sapiens OX=9606 GN=SH3BP4 PE=1 SV=1,0.0,0.052,['01h']
Q9P107,51291.0,GMIP,sp|Q9P107|GMIP_HUMAN,Q9P107,970,106683,GEM-interacting protein OS=Homo sapiens OX=9606 GN=GMIP PE=1 SV=2,0.0002,0.1482,['01h']
Q9P1Y6,57661.0,PHRF1,sp|Q9P1Y6|PHRF1_HUMAN,Q9P1Y6,1649,178665,PHD and RING finger domain-containing protein 1 OS=Homo sapiens OX=9606 GN=PHRF1 PE=1 SV=3,0.0,0.0209,['01h']
Q9P215,57645.0,POGK,sp|Q9P215|POGK_HUMAN,Q9P215,609,69444,Pogo transposable element with KRAB domain OS=Homo sapiens OX=9606 GN=POGK PE=1 SV=2,0.0001,0.074,['mock']
Q9P241,57205.0,ATP10D,Reverse_sp|Q9P241|AT10D_HUMAN,Q9P241,1426,160273,Phospholipid-transporting ATPase VD OS=Homo sapiens OX=9606 GN=ATP10D PE=1 SV=3,0.0001,0.0375,['01h']
Q9P2D0,25998.0,IBTK,sp|Q9P2D0|IBTK_HUMAN,Q9P2D0,1353,150527,Inhibitor of Bruton tyrosine kinase OS=Homo sapiens OX=9606 GN=IBTK PE=1 SV=3,0.0002,0.1885,['01h']
Q9P2J3,55958.0,KLHL9,sp|Q9P2J3|KLHL9_HUMAN;sp|Q9P2N7|KLH13_HUMAN,Q9P2J3;Q9P2N7,617,69429,Kelch-like protein 9 OS=Homo sapiens OX=9606 GN=KLHL9 PE=1 SV=2,0.0002,0.0375,['24h']
Q9P2K1,57545.0,CC2D2A,sp|Q9P2K1|C2D2A_HUMAN,Q9P2K1,1620,186184,Coiled-coil and C2 domain-containing protein 2A OS=Homo sapiens OX=9606 GN=CC2D2A PE=1 SV=3,0.0001,0.0233,['24h']
Q9P2K3,55758.0,RCOR3,sp|Q9P2K3|RCOR3_HUMAN,Q9P2K3,495,55581,REST corepressor 3 OS=Homo sapiens OX=9606 GN=RCOR3 PE=1 SV=2,0.0002,0.1508,"['48h', '24h']"
Q9P2K8,440275.0,EIF2AK4,sp|Q9P2K8|E2AK4_HUMAN,Q9P2K8,1649,186909,eIF-2-alpha kinase GCN2 OS=Homo sapiens OX=9606 GN=EIF2AK4 PE=1 SV=3,0.0002,0.1246,['01h']
Q9P2P1,57523.0,NYNRIN,sp|Q9P2P1|NYNRI_HUMAN,Q9P2P1,1898,208365,Protein NYNRIN OS=Homo sapiens OX=9606 GN=NYNRIN PE=2 SV=3,0.0015,0.0116,['mock']
Q9UBS5,2550.0,GABBR1,sp|Q9UBS5|GABR1_HUMAN,Q9UBS5,961,108320,Gamma-aminobutyric acid type B receptor subunit 1 OS=Homo sapiens OX=9606 GN=GABBR1 PE=1 SV=1,0.0074,0.028,['mock']
Q9UDT6,7461.0,CLIP2,sp|Q9UDT6|CLIP2_HUMAN,Q9UDT6,1046,115837,CAP-Gly domain-containing linker protein 2 OS=Homo sapiens OX=9606 GN=CLIP2 PE=1 SV=1,0.0,0.0375,['01h']
Q9UDY6,10107.0,TRIM10,sp|Q9UDY6|TRI10_HUMAN,Q9UDY6,481,55037,Tripartite motif-containing protein 10 OS=Homo sapiens OX=9606 GN=TRIM10 PE=1 SV=3,0.004,0.0447,['01h']
Q9UER7,1616.0,DAXX,sp|Q9UER7|DAXX_HUMAN,Q9UER7,740,81373,Death domain-associated protein 6 OS=Homo sapiens OX=9606 GN=DAXX PE=1 SV=2,0.0001,0.0617,['mock']
Q9UFG5,148223.0,C19orf25,sp|Q9UFG5|CS025_HUMAN,Q9UFG5,118,12878,UPF0449 protein C19orf25 OS=Homo sapiens OX=9606 GN=C19orf25 PE=1 SV=2,0.0003,0.5346,['24h']
Q9UGP8,11231.0,SEC63,sp|Q9UGP8|SEC63_HUMAN,Q9UGP8,760,87997,Translocation protein SEC63 homolog OS=Homo sapiens OX=9606 GN=SEC63 PE=1 SV=2,0.0001,0.0666,['01h']
Q9UHA3,51187.0,RSL24D1,sp|Q9UHA3|RLP24_HUMAN,Q9UHA3,163,19621,Probable ribosome biogenesis protein RLP24 OS=Homo sapiens OX=9606 GN=RSL24D1 PE=1 SV=1,0.0003,0.1858,['24h']
Q9UHR5,29115.0,SAP30BP,sp|Q9UHR5|S30BP_HUMAN,Q9UHR5,308,33870,SAP30-binding protein OS=Homo sapiens OX=9606 GN=SAP30BP PE=1 SV=1,0.0001,0.1194,"['48h', '24h']"
Q9UK80,27005.0,USP21,sp|Q9UK80|UBP21_HUMAN,Q9UK80,565,62656,Ubiquitin carboxyl-terminal hydrolase 21 OS=Homo sapiens OX=9606 GN=USP21 PE=1 SV=1,0.0007,0.0495,"['mock', '01h']"
Q9UKA1,26234.0,FBXL5,sp|Q9UKA1|FBXL5_HUMAN,Q9UKA1,691,78555,F-box/LRR-repeat protein 5 OS=Homo sapiens OX=9606 GN=FBXL5 PE=1 SV=2,0.0054,0.0447,['48h']
Q9UKG1,26060.0,APPL1,sp|Q9UKG1|DP13A_HUMAN,Q9UKG1,709,79664,DCC-interacting protein 13-alpha OS=Homo sapiens OX=9606 GN=APPL1 PE=1 SV=1,0.0,0.0593,['24h']
Q9UL15,9529.0,BAG5,sp|Q9UL15|BAG5_HUMAN,Q9UL15,447,51200,BAG family molecular chaperone regulator 5 OS=Homo sapiens OX=9606 GN=BAG5 PE=1 SV=1,0.0002,0.1429,['24h']
Q9UL54,9344.0,TAOK2,sp|Q9UL54|TAOK2_HUMAN,Q9UL54,1235,138251,Serine/threonine-protein kinase TAO2 OS=Homo sapiens OX=9606 GN=TAOK2 PE=1 SV=2,0.0001,0.0864,['01h']
Q9ULB4,1007.0,CDH9,sp|Q9ULB4|CADH9_HUMAN,Q9ULB4,789,88689,Cadherin-9 OS=Homo sapiens OX=9606 GN=CDH9 PE=2 SV=2,0.0001,0.0328,"['01h', '24h']"
Q9ULJ3,49854.0,ZBTB21,sp|Q9ULJ3|ZBT21_HUMAN,Q9ULJ3,1066,118870,Zinc finger and BTB domain-containing protein 21 OS=Homo sapiens OX=9606 GN=ZBTB21 PE=1 SV=2,0.0,0.0423,['01h']
Q9UMZ2,11276.0,SYNRG,sp|Q9UMZ2|SYNRG_HUMAN,Q9UMZ2,1314,140654,Synergin gamma OS=Homo sapiens OX=9606 GN=SYNRG PE=1 SV=2,0.0001,0.0423,['01h']
Q9UN86,9908.0,G3BP2,sp|Q9UN86|G3BP2_HUMAN,Q9UN86,482,54121,Ras GTPase-activating protein-binding protein 2 OS=Homo sapiens OX=9606 GN=G3BP2 PE=1 SV=2,0.0004,0.1641,['24h']
Q9UNH7,58533.0,SNX6,sp|Q9UNH7|SNX6_HUMAN,Q9UNH7,406,46649,Sorting nexin-6 OS=Homo sapiens OX=9606 GN=SNX6 PE=1 SV=1,0.0003,0.2474,['24h']
Q9UNS1,8914.0,TIMELESS,sp|Q9UNS1|TIM_HUMAN,Q9UNS1,1208,138658,Protein timeless homolog OS=Homo sapiens OX=9606 GN=TIMELESS PE=1 SV=2,0.0,0.0257,['01h']
Q9UNY4,8458.0,TTF2,sp|Q9UNY4|TTF2_HUMAN,Q9UNY4,1162,129588,Transcription termination factor 2 OS=Homo sapiens OX=9606 GN=TTF2 PE=1 SV=2,0.0,0.0304,['01h']
Q9UP83,10466.0,COG5,sp|Q9UP83|COG5_HUMAN,Q9UP83,839,92743,Conserved oligomeric Golgi complex subunit 5 OS=Homo sapiens OX=9606 GN=COG5 PE=1 SV=3,0.0003,0.2417,['01h']
Q9UPN7,22870.0,PPP6R1,sp|Q9UPN7|PP6R1_HUMAN,Q9UPN7,881,96724,Serine/threonine-protein phosphatase 6 regulatory subunit 1 OS=Homo sapiens OX=9606 GN=PPP6R1 PE=1 SV=5,0.0001,0.0471,['01h']
Q9UPN9,51592.0,TRIM33,sp|Q9UPN9|TRI33_HUMAN,Q9UPN9,1127,122533,E3 ubiquitin-protein ligase TRIM33 OS=Homo sapiens OX=9606 GN=TRIM33 PE=1 SV=3,0.0,0.028,['01h']
Q9UPU7,23102.0,TBC1D2B,sp|Q9UPU7|TBD2B_HUMAN,Q9UPU7,963,109880,TBC1 domain family member 2B OS=Homo sapiens OX=9606 GN=TBC1D2B PE=1 SV=2,0.0001,0.0691,['48h']
Q9UQ84,9156.0,EXO1,sp|Q9UQ84|EXO1_HUMAN,Q9UQ84,846,94103,Exonuclease 1 OS=Homo sapiens OX=9606 GN=EXO1 PE=1 SV=2,0.0001,0.0617,['mock']
Q9UQR0,10389.0,SCML2,sp|Q9UQR0|SCML2_HUMAN,Q9UQR0,700,77257,Sex comb on midleg-like protein 2 OS=Homo sapiens OX=9606 GN=SCML2 PE=1 SV=1,0.0001,0.0889,['01h']
Q9Y283,27130.0,INVS,sp|Q9Y283|INVS_HUMAN,Q9Y283,1065,117826,Inversin OS=Homo sapiens OX=9606 GN=INVS PE=1 SV=2,0.0017,0.0233,['mock']
Q9Y2H0,22839.0,DLGAP4,sp|Q9Y2H0|DLGP4_HUMAN,Q9Y2H0,992,108012,Disks large-associated protein 4 OS=Homo sapiens OX=9606 GN=DLGAP4 PE=1 SV=3,0.0019,0.0186,['01h']
Q9Y2L9,23143.0,LRCH1,sp|Q9Y2L9|LRCH1_HUMAN,Q9Y2L9,728,80875,Leucine-rich repeat and calponin homology domain-containing protein 1 OS=Homo sapiens OX=9606 GN=LRCH1 PE=1 SV=3,0.0002,0.1376,['01h']
Q9Y2W2,51729.0,WBP11,sp|Q9Y2W2|WBP11_HUMAN,Q9Y2W2,641,69998,WW domain-binding protein 11 OS=Homo sapiens OX=9606 GN=WBP11 PE=1 SV=1,0.0001,0.0399,['24h']
Q9Y3E5,51651.0,PTRH2,sp|Q9Y3E5|PTH2_HUMAN,Q9Y3E5,179,19194,"Peptidyl-tRNA hydrolase 2, mitochondrial OS=Homo sapiens OX=9606 GN=PTRH2 PE=1 SV=1",0.0003,0.3428,['01h']
Q9Y3R5,9980.0,DOP1B,Reverse_sp|Q9Y3R5|DOP2_HUMAN,Q9Y3R5,2298,258227,Protein dopey-2 OS=Homo sapiens OX=9606 GN=DOP1B PE=1 SV=5,0.0,0.0328,['24h']
Q9Y3X0,26093.0,CCDC9,Reverse_sp|Q9Y3X0|CCDC9_HUMAN,Q9Y3X0,531,59703,Coiled-coil domain-containing protein 9 OS=Homo sapiens OX=9606 GN=CCDC9 PE=1 SV=1,0.0001,0.0666,"['24h', '01h', '48h']"
Q9Y4J8,1837.0,DTNA,sp|Q9Y4J8|DTNA_HUMAN,Q9Y4J8,743,83901,Dystrobrevin alpha OS=Homo sapiens OX=9606 GN=DTNA PE=1 SV=2,0.0001,0.0257,['mock']
Q9Y572,11035.0,RIPK3,sp|Q9Y572|RIPK3_HUMAN,Q9Y572,518,56887,Receptor-interacting serine/threonine-protein kinase 3 OS=Homo sapiens OX=9606 GN=RIPK3 PE=1 SV=2,0.0001,0.0328,['01h']
Q9Y5L0,23534.0,TNPO3,sp|Q9Y5L0|TNPO3_HUMAN,Q9Y5L0,923,104203,Transportin-3 OS=Homo sapiens OX=9606 GN=TNPO3 PE=1 SV=3,0.0001,0.1246,['01h']
Q9Y5P1,79345.0,OR51B2,sp|Q9Y5P1|O51B2_HUMAN,Q9Y5P1,312,35373,Olfactory receptor 51B2 OS=Homo sapiens OX=9606 GN=OR51B2 PE=1 SV=4,0.0004,0.0765,['24h']
Q9Y5S9,9939.0,RBM8A,sp|Q9Y5S9|RBM8A_HUMAN,Q9Y5S9,174,19889,RNA-binding protein 8A OS=Homo sapiens OX=9606 GN=RBM8A PE=1 SV=1,0.0003,0.1561,"['48h', '24h']"
Q9Y605,93621.0,MRFAP1,sp|Q9Y605|MOFA1_HUMAN,Q9Y605,127,14650,MORF4 family-associated protein 1 OS=Homo sapiens OX=9606 GN=MRFAP1 PE=1 SV=1,0.0003,0.5453,['24h']
Q9Y620,25788.0,RAD54B,sp|Q9Y620|RA54B_HUMAN,Q9Y620,910,102967,DNA repair and recombination protein RAD54B OS=Homo sapiens OX=9606 GN=RAD54B PE=1 SV=1,0.0,0.0328,['01h']
Q9Y6B6,51128.0,SAR1B,sp|Q9Y6B6|SAR1B_HUMAN,Q9Y6B6,198,22410,GTP-binding protein SAR1b OS=Homo sapiens OX=9606 GN=SAR1B PE=1 SV=1,0.0005,0.2912,['48h']
Q9Y6X9,22880.0,MORC2,sp|Q9Y6X9|MORC2_HUMAN,Q9Y6X9,1032,117823,ATPase MORC2 OS=Homo sapiens OX=9606 GN=MORC2 PE=1 SV=2,0.0144,0.0375,['01h']
